1594651768.503013,out2,1,b,pressed
1594651768.597267,out2,1,a,pressed
1594651768.878143,out2,1,b,released
1594651769.713439,out2,1,a,released
1594651776.770862,out2,1,a,pressed
1594651778.185071,out2,1,a,released
1594651778.209429,out2,1,b,pressed
1594651778.243553,out2,1,a,pressed
1594651778.400928,out2,1,a,released
1594651778.742886,out2,1,b,released
1594652178.745635,out2,1,a,pressed
1594652178.809029,out2,1,b,pressed
1594652178.888510,out2,1,a,released
1594652179.049815,out2,1,b,released
1594652202.785157,out2,1,b,pressed
1594652202.936795,out2,1,a,pressed
1594652203.049844,out2,1,a,released
1594652203.071958,out2,1,b,released
1594652385.909459,out2,1,b,pressed
1594652386.044703,out2,1,a,pressed
1594652386.126737,out2,1,b,released
1594652386.283686,out2,1,a,released
1594652419.581974,out2,1,b,pressed
1594652419.903956,out2,1,b,released
1594652875.748847,out2,1,a,pressed
1594652875.867994,out2,1,b,pressed
1594652875.953920,out2,1,a,released
1594652876.014317,out2,1,b,released
1594652891.808705,out2,1,b,pressed
1594652892.119137,out2,1,b,released
1594652892.152591,out2,1,a,pressed
1594652892.742468,out2,1,a,released
1594652907.303372,out2,1,a,pressed
1594652907.383210,out2,1,b,pressed
1594652907.468525,out2,1,a,released
1594652907.566775,out2,1,b,released
1594652907.620507,out2,1,b,pressed
1594652907.844759,out2,1,b,released
1594653270.629513,out2,1,b,pressed
1594653270.917498,out2,1,b,released
1594653272.825962,out2,1,a,pressed
1594653272.935157,out2,1,b,pressed
1594653273.066199,out2,1,a,released
1594653273.176311,out2,1,b,released
1594653279.263052,out2,1,b,pressed
1594653279.436153,out2,1,a,pressed
1594653279.528325,out2,1,b,released
1594653279.663153,out2,1,a,released
1594653380.129228,out2,1,b,pressed
1594653380.208057,out2,1,a,pressed
1594653380.280296,out2,1,b,released
1594653380.526603,out2,1,a,released
1594653488.160634,out2,1,b,pressed
1594653488.236738,out2,1,a,pressed
1594653488.291225,out2,1,b,released
1594653488.490295,out2,1,a,released
1594653919.977617,out2,1,b,pressed
1594653920.232013,out2,1,a,pressed
1594653920.310127,out2,1,b,released
1594653920.526048,out2,1,a,released
1594653921.094900,out2,1,b,pressed
1594653921.225108,out2,1,a,pressed
1594653921.280867,out2,1,b,released
1594653921.455503,out2,1,a,released
1594654202.904006,out2,1,b,pressed
1594654203.023992,out2,1,a,pressed
1594654203.162952,out2,1,b,released
1594654203.326172,out2,1,a,released
1594654256.801562,out2,1,b,pressed
1594654256.874594,out2,1,a,pressed
1594654256.954312,out2,1,b,released
1594654257.172093,out2,1,a,released
1594654300.848212,out2,1,b,pressed
1594654301.003763,out2,1,a,pressed
1594654301.189479,out2,1,b,released
1594654301.368245,out2,1,a,released
1594655036.176431,out2,1,b,pressed
1594655036.226838,out2,1,a,pressed
1594655036.294010,out2,1,b,released
1594655036.454026,out2,1,a,released
1594655112.147985,out2,1,a,pressed
1594655112.346260,out2,1,a,released
1594655143.915943,out2,1,b,pressed
1594655144.131002,out2,1,a,pressed
1594655144.146025,out2,1,b,released
1594655144.413081,out2,1,a,released
1594655552.864831,out2,1,b,pressed
1594655553.054448,out2,1,a,pressed
1594655553.181012,out2,1,b,released
1594655553.399355,out2,1,a,released
1594655566.221112,out2,1,b,pressed
1594655566.298241,out2,1,b,released
1594655566.315289,out2,1,a,pressed
1594655566.415522,out2,1,a,released
1594655994.385911,out2,1,b,pressed
1594655994.662496,out2,1,a,pressed
1594655994.834471,out2,1,a,released
1594655994.894655,out2,1,b,released
1594655994.909959,out2,1,a,pressed
1594655995.030177,out2,1,a,released
1594656233.795919,out2,1,b,pressed
1594656234.100567,out2,1,a,pressed
1594656234.132742,out2,1,b,released
1594656234.193690,out2,1,a,released
1594656267.628986,out2,1,b,pressed
1594656267.879138,out2,1,a,pressed
1594656267.984288,out2,1,b,released
1594656268.592063,out2,1,a,released
1594656731.762019,out2,1,b,pressed
1594656731.995021,out2,1,a,pressed
1594656732.111597,out2,1,b,released
1594656732.228362,out2,1,a,released
1594656773.230886,out2,1,b,pressed
1594656773.457073,out2,1,b,released
1594656779.743825,out2,1,b,pressed
1594656779.985294,out2,1,b,released
1594656780.032207,out2,1,a,pressed
1594656780.185158,out2,1,a,released
1594656886.983126,out2,1,b,pressed
1594656887.179525,out2,1,a,pressed
1594656887.322881,out2,1,b,released
1594656887.648587,out2,1,a,released
1594657094.642619,out2,1,b,pressed
1594657095.404163,out2,1,b,released
1594657096.915858,out2,1,b,pressed
1594657098.723961,out2,1,b,released
1594657101.444376,out2,1,b,pressed
1594657103.294008,out2,1,b,released
1594657292.568861,out2,1,b,pressed
1594657293.146920,out2,1,b,released
1594657293.237296,out2,1,a,pressed
1594657293.373650,out2,1,a,released
1594657362.304427,out2,1,b,pressed
1594657362.591916,out2,1,b,released
1594657362.642905,out2,1,a,pressed
1594657362.698161,out2,1,a,released
1594657414.566276,out2,1,a,pressed
1594657414.795277,out2,1,a,released
1594657807.605981,out2,1,b,pressed
1594657839.803717,out2,1,a,released
1594657839.819034,out2,1,b,released
1594657883.533314,out2,1,b,pressed
1594657883.653075,out2,1,a,pressed
1594657883.811503,out2,1,b,released
1594657883.965854,out2,1,a,released
1594657956.495460,out2,1,b,pressed
1594657956.545867,out2,1,b,released
1594657956.570688,out2,1,b,pressed
1594657956.673125,out2,1,b,released
1594657956.687497,out2,1,a,pressed
1594657956.849534,out2,1,a,released
1594658001.030432,out2,1,b,pressed
1594658001.145528,out2,1,a,pressed
1594658001.202246,out2,1,a,released
1594658001.276733,out2,1,a,pressed
1594658001.395915,out2,1,a,released
1594658001.425504,out2,1,a,pressed
1594658001.496026,out2,1,b,released
1594658001.698860,out2,1,a,released
1594658005.484164,out2,1,b,pressed
1594658005.658897,out2,1,a,pressed
1594658005.689354,out2,1,b,released
1594658005.857720,out2,1,a,released
1594658038.685962,out2,1,b,pressed
1594658038.915403,out2,1,b,released
1594658039.054545,out2,1,a,pressed
1594658039.269226,out2,1,a,released
1594658074.357825,out2,1,b,pressed
1594658074.649627,out2,1,a,pressed
1594658075.025176,out2,1,b,released
1594658075.255018,out2,1,a,released
1594658111.517826,out2,1,b,pressed
1594658111.624638,out2,1,a,pressed
1594658111.665749,out2,1,b,released
1594658111.829904,out2,1,a,released
1594658120.542070,out2,1,b,pressed
1594658120.867855,out2,1,a,pressed
1594658120.903128,out2,1,b,released
1594658121.073270,out2,1,a,released
1594658237.990502,out2,1,b,pressed
1594658238.221081,out2,1,a,pressed
1594658238.365256,out2,1,b,released
1594658238.667758,out2,1,a,released
1594658304.987988,out2,1,b,pressed
1594658305.141339,out2,1,b,released
1594658305.155296,out2,1,a,pressed
1594658305.169377,out2,1,a,released
1594658305.184324,out2,1,a,pressed
1594658305.400196,out2,1,a,released
1594658355.975662,out2,1,a,pressed
1594658356.304638,out2,1,b,pressed
1594658356.355419,out2,1,a,released
1594658356.749319,out2,1,b,released
1594658360.213711,out2,1,b,pressed
1594658360.607079,out2,1,a,pressed
1594658360.640682,out2,1,b,released
1594658361.421733,out2,1,a,released
1594658394.472342,out2,1,b,pressed
1594658394.686032,out2,1,a,pressed
1594658394.847737,out2,1,b,released
1594658395.545879,out2,1,a,released
1594658395.649193,out2,1,a,pressed
1594658395.663859,out2,1,a,released
1594658396.084336,out2,1,b,pressed
1594658396.799825,out2,1,a,pressed
1594658396.928966,out2,1,b,released
1594658397.338157,out2,1,a,released
1594658399.267672,out2,1,a,pressed
1594658399.716913,out2,1,a,released
1594658400.551683,out2,1,b,pressed
1594658400.732163,out2,1,a,pressed
1594658400.777160,out2,1,b,released
1594658401.003078,out2,1,a,released
1594658443.438166,out2,1,b,pressed
1594658443.713660,out2,1,a,pressed
1594658443.794320,out2,1,b,released
1594658443.949282,out2,1,a,released
1594658575.564911,out2,1,a,pressed
1594658575.616335,out2,1,b,pressed
1594658575.679443,out2,1,a,released
1594658575.718078,out2,1,a,pressed
1594658575.865910,out2,1,b,released
1594658575.908776,out2,1,a,released
1594658576.021503,out2,1,b,pressed
1594658576.536214,out2,1,b,released
1594658576.733830,out2,1,b,pressed
1594658577.339016,out2,1,b,released
1594658585.736625,out2,1,a,pressed
1594658585.787930,out2,1,a,released
1594658585.805109,out2,1,b,pressed
1594658586.234421,out2,1,b,released
1594658586.389221,out2,1,a,pressed
1594658586.726084,out2,1,a,released
1594658601.103558,out2,1,b,pressed
1594658601.228708,out2,1,a,pressed
1594658601.281967,out2,1,b,released
1594658601.503821,out2,1,a,released
1594658637.010216,out2,1,b,pressed
1594658637.340123,out2,1,b,released
1594658637.390322,out2,1,a,pressed
1594658637.537600,out2,1,a,released
1594658679.014818,out2,1,b,pressed
1594658679.222414,out2,1,a,pressed
1594658679.308297,out2,1,b,released
1594658679.518231,out2,1,a,released
1594658817.522016,out2,1,b,pressed
1594658817.635034,out2,1,a,pressed
1594658817.721091,out2,1,b,released
1594658817.946524,out2,1,a,released
1594659015.736255,out2,1,b,pressed
1594659015.849944,out2,1,a,pressed
1594659015.867199,out2,1,b,released
1594659015.937273,out2,1,a,released
1594659199.662948,out2,1,b,pressed
1594659199.986955,out2,1,a,pressed
1594659200.017308,out2,1,b,released
1594659200.324562,out2,1,a,released
1594659258.517035,out2,1,b,pressed
1594659259.684219,out2,1,b,released
1594659259.901349,out2,1,a,pressed
1594659260.231842,out2,1,a,released
1594659269.865921,out2,1,b,pressed
1594659270.074689,out2,1,a,pressed
1594659270.134965,out2,1,b,released
1594659270.316095,out2,1,a,released
1594659341.610589,out2,1,b,pressed
1594659341.749272,out2,1,a,pressed
1594659341.768444,out2,1,b,released
1594659341.970348,out2,1,a,released
1594659385.892679,out2,1,b,pressed
1594659385.928381,out2,1,a,pressed
1594659386.102203,out2,1,a,released
1594659386.254769,out2,1,a,pressed
1594659386.375923,out2,1,b,released
1594659386.577260,out2,1,a,released
1594659403.246522,out2,1,b,pressed
1594659403.752515,out2,1,b,released
1594659601.023313,out2,1,b,pressed
1594659660.488173,out2,1,b,pressed
1594659660.606665,out2,1,a,pressed
1594659660.641993,out2,1,b,released
1594659660.798741,out2,1,a,released
1594659745.307744,out2,1,b,pressed
1594659745.554445,out2,1,a,pressed
1594659745.570865,out2,1,b,released
1594659745.854773,out2,1,a,released
1594659791.056287,out2,1,b,pressed
1594659791.474124,out2,1,a,pressed
1594659791.531022,out2,1,b,released
1594659791.585311,out2,1,a,released
1594659792.538455,out2,1,b,pressed
1594659792.925594,out2,1,a,pressed
1594659793.067422,out2,1,b,released
1594659793.416559,out2,1,a,released
1594659816.946315,out2,1,b,pressed
1594659817.021294,out2,1,a,pressed
1594659817.061142,out2,1,b,released
1594659817.237444,out2,1,a,released
1594659882.303895,out2,1,a,pressed
1594659882.421978,out2,1,a,released
1594659882.435753,out2,1,b,pressed
1594659882.611750,out2,1,b,released
1594659883.519092,out2,1,b,pressed
1594659883.734078,out2,1,b,released
1594659883.818198,out2,1,a,pressed
1594659884.409413,out2,1,a,released
1594659902.743476,out2,1,b,pressed
1594659902.869473,out2,1,a,pressed
1594659903.060720,out2,1,b,released
1594659903.259536,out2,1,a,released
1594659956.673581,out2,1,b,pressed
1594659956.876386,out2,1,a,pressed
1594659956.954144,out2,1,b,released
1594659957.210484,out2,1,a,released
1594659978.663777,out2,1,b,pressed
1594659978.844603,out2,1,a,pressed
1594659978.918074,out2,1,b,released
1594659979.155959,out2,1,a,released
1594659985.812124,out2,1,b,pressed
1594659985.944010,out2,1,a,pressed
1594659986.050732,out2,1,b,released
1594659986.305601,out2,1,a,released
1594659993.847103,out2,1,b,pressed
1594659994.018245,out2,1,a,pressed
1594659994.067881,out2,1,b,released
1594659994.277398,out2,1,a,released
1594660092.438283,out2,1,b,pressed
1594660092.612864,out2,1,a,pressed
1594660092.673016,out2,1,b,released
1594660092.816362,out2,1,a,released
1594660097.919331,out2,1,b,pressed
1594660098.572582,out2,1,b,released
1594660098.651461,out2,1,a,pressed
1594660098.753779,out2,1,a,released
1594660116.909268,out2,1,b,pressed
1594660117.230571,out2,1,a,pressed
1594660117.321500,out2,1,a,released
1594660117.340142,out2,1,b,released
1594660117.390383,out2,1,a,pressed
1594660117.601906,out2,1,a,released
1594660118.579459,out2,1,b,pressed
1594660118.835189,out2,1,a,pressed
1594660118.991247,out2,1,b,released
1594660119.313004,out2,1,a,released
1594660120.151331,out2,1,b,pressed
1594660120.293343,out2,1,a,pressed
1594660120.308163,out2,1,b,released
1594660120.720442,out2,1,a,released
1594660123.422562,out2,1,b,pressed
1594660123.985297,out2,1,b,released
1594660127.078720,out2,1,b,pressed
1594660127.301352,out2,1,a,pressed
1594660127.317212,out2,1,b,released
1594660127.514288,out2,1,a,released
1594660148.453304,out2,1,a,pressed
1594660149.002590,out2,1,a,released
1594660154.848036,out2,1,b,pressed
1594660155.038866,out2,1,a,pressed
1594660155.088435,out2,1,b,released
1594660155.308104,out2,1,a,released
1594660158.100740,out2,1,b,pressed
1594660158.405412,out2,1,b,released
1594660158.570069,out2,1,a,pressed
1594660158.729182,out2,1,a,released
1594660161.547809,out2,1,b,pressed
1594660161.991467,out2,1,b,released
1594660162.009708,out2,1,a,pressed
1594660162.205384,out2,1,a,released
1594660163.353926,out2,1,b,pressed
1594660163.710591,out2,1,b,released
1594660163.758434,out2,1,a,pressed
1594660164.040282,out2,1,a,released
1594660166.474025,out2,1,b,pressed
1594660166.635264,out2,1,a,pressed
1594660166.733930,out2,1,b,released
1594660166.955345,out2,1,a,released
1594660174.146192,out2,1,b,pressed
1594660174.316535,out2,1,a,pressed
1594660174.384707,out2,1,b,released
1594660174.509980,out2,1,a,released
1594660195.985492,out2,1,b,pressed
1594660196.113303,out2,1,b,released
1594660196.151452,out2,1,a,pressed
1594660196.376676,out2,1,a,released
1594660202.076461,out2,1,b,pressed
1594660202.303214,out2,1,b,released
1594660202.348501,out2,1,a,pressed
1594660202.407095,out2,1,a,released
1594660447.151624,out2,1,a,pressed
1594660447.502363,out2,1,a,released
1594660455.693056,out2,1,b,pressed
1594660455.818253,out2,1,a,pressed
1594660455.870583,out2,1,b,released
1594660455.931082,out2,1,a,released
1594660455.957168,out2,1,a,pressed
1594660456.232925,out2,1,a,released
1594660497.859964,out2,1,b,pressed
1594660498.051351,out2,1,a,pressed
1594660498.105721,out2,1,b,released
1594660498.258281,out2,1,a,released
1594660499.583122,out2,1,b,pressed
1594660499.861910,out2,1,b,released
1594660499.961043,out2,1,a,pressed
1594660500.065119,out2,1,a,released
1594660523.355024,out2,1,b,pressed
1594660523.740819,out2,1,a,pressed
1594660523.811550,out2,1,b,released
1594660524.074739,out2,1,a,released
1594660531.696555,out2,1,b,pressed
1594660532.027534,out2,1,a,pressed
1594660532.058257,out2,1,b,released
1594660532.245996,out2,1,a,released
1594660534.230958,out2,1,b,pressed
1594660534.471385,out2,1,a,pressed
1594660534.487769,out2,1,b,released
1594660534.855619,out2,1,a,released
1594660536.604999,out2,1,b,pressed
1594660536.893542,out2,1,a,pressed
1594660536.958139,out2,1,b,released
1594660537.380998,out2,1,a,released
1594660538.264214,out2,1,b,pressed
1594660538.563163,out2,1,a,pressed
1594660538.755659,out2,1,b,released
1594660539.285022,out2,1,a,released
1594660539.741349,out2,1,b,pressed
1594660540.165159,out2,1,a,pressed
1594660540.281447,out2,1,b,released
1594660540.674467,out2,1,a,released
1594660588.828948,out2,1,b,pressed
1594660589.048587,out2,1,a,pressed
1594660589.165762,out2,1,b,released
1594660589.412091,out2,1,a,released
1594660606.314343,out2,1,b,pressed
1594660606.432420,out2,1,a,pressed
1594660606.509538,out2,1,a,released
1594660606.528185,out2,1,a,pressed
1594660606.622734,out2,1,b,released
1594660606.847184,out2,1,a,released
1594660609.026659,out2,1,b,pressed
1594660609.289474,out2,1,a,pressed
1594660609.312190,out2,1,b,released
1594660609.672496,out2,1,a,released
1594660611.011037,out2,1,b,pressed
1594660611.246572,out2,1,b,released
1594660611.274523,out2,1,a,pressed
1594660611.464247,out2,1,a,released
1594660635.294017,out2,1,b,pressed
1594660635.518427,out2,1,a,pressed
1594660635.617217,out2,1,b,released
1594660636.055731,out2,1,a,released
1594660638.286039,out2,1,b,pressed
1594660638.622508,out2,1,a,pressed
1594660638.687651,out2,1,b,released
1594660639.011497,out2,1,a,released
1594660642.212478,out2,1,b,pressed
1594660642.360540,out2,1,a,pressed
1594660642.433798,out2,1,b,released
1594660642.643745,out2,1,a,released
1594660696.059579,out2,1,b,pressed
1594660696.273964,out2,1,b,released
1594660696.373234,out2,1,a,pressed
1594660696.534236,out2,1,a,released
1594660697.583420,out2,1,b,pressed
1594660697.827483,out2,1,b,released
1594660698.212111,out2,1,a,pressed
1594660698.506207,out2,1,a,released
1594660703.788195,out2,1,b,pressed
1594660703.992742,out2,1,b,released
1594660770.149564,out2,1,b,pressed
1594660770.307094,out2,1,b,released
1594660770.325557,out2,1,a,pressed
1594660770.595280,out2,1,a,released
1594660772.465537,out2,1,b,pressed
1594660772.606374,out2,1,a,pressed
1594660772.730525,out2,1,b,released
1594660773.154176,out2,1,a,released
1594660776.829735,out2,1,b,pressed
1594660777.185246,out2,1,b,released
1594660777.264314,out2,1,b,pressed
1594660777.423148,out2,1,b,released
1594660780.209711,out2,1,a,pressed
1594660780.903771,out2,1,a,released
1594660787.071919,out2,1,b,pressed
1594660787.283445,out2,1,a,pressed
1594660787.385328,out2,1,b,released
1594660787.626543,out2,1,a,released
1594660788.202250,out2,1,b,pressed
1594660788.427304,out2,1,b,released
1594660827.708638,out2,1,b,pressed
1594660827.843981,out2,1,a,pressed
1594660828.005690,out2,1,b,released
1594660828.111183,out2,1,a,released
1594660831.254883,out2,1,b,pressed
1594660831.356710,out2,1,b,released
1594660838.901790,out2,1,b,pressed
1594660839.050289,out2,1,a,pressed
1594660839.164640,out2,1,b,released
1594660839.506203,out2,1,a,released
1594660870.817391,out2,1,b,pressed
1594660870.970947,out2,1,a,pressed
1594660870.986789,out2,1,b,released
1594660871.320967,out2,1,a,released
1594660875.192454,out2,1,b,pressed
1594660875.552656,out2,1,b,released
1594660879.337166,out2,1,b,pressed
1594660880.463692,out2,1,b,released
1594660880.614189,out2,1,a,pressed
1594660881.328263,out2,1,a,released
1594660892.339954,out2,1,b,pressed
1594660892.519357,out2,1,b,released
1594660892.659466,out2,1,a,pressed
1594660892.807490,out2,1,a,released
1594660898.788486,out2,1,a,pressed
1594660898.942997,out2,1,a,released
1594660899.942967,out2,1,b,pressed
1594660900.037098,out2,1,b,released
1594660900.106478,out2,1,b,pressed
1594660900.311561,out2,1,b,released
1594660900.885103,out2,1,b,pressed
1594660901.032175,out2,1,b,released
1594660923.262295,out2,1,b,pressed
1594660923.512467,out2,1,a,pressed
1594660923.862479,out2,1,b,released
1594660924.109908,out2,1,a,released
1594660947.851304,out2,1,b,pressed
1594660948.189694,out2,1,a,pressed
1594660948.205260,out2,1,b,released
1594660948.359849,out2,1,a,released
1594660953.732470,out2,1,b,pressed
1594660954.113278,out2,1,b,released
1594660954.159904,out2,1,a,pressed
1594660954.704721,out2,1,a,released
1594660980.958010,out2,1,b,pressed
1594660981.228706,out2,1,a,pressed
1594660981.411237,out2,1,b,released
1594660981.613424,out2,1,a,released
1594660985.025446,out2,1,a,pressed
1594660985.490565,out2,1,b,pressed
1594660985.640699,out2,1,a,released
1594660986.184771,out2,1,b,released
1594660994.017485,out2,1,b,pressed
1594660994.133856,out2,1,a,pressed
1594660994.208551,out2,1,b,released
1594660994.325291,out2,1,a,released
1594661008.908733,out2,1,b,pressed
1594661009.368767,out2,1,b,released
1594661024.697986,out2,1,b,pressed
1594661024.782585,out2,1,a,pressed
1594661024.831267,out2,1,b,released
1594661025.014061,out2,1,a,released
1594661028.789529,out2,1,b,pressed
1594661029.090642,out2,1,b,released
1594661029.131186,out2,1,a,pressed
1594661029.287466,out2,1,a,released
1594661031.795601,out2,1,b,pressed
1594661032.079729,out2,1,a,pressed
1594661032.112821,out2,1,b,released
1594661032.562999,out2,1,a,released
1594661035.261410,out2,1,b,pressed
1594661035.553757,out2,1,b,released
1594661035.612749,out2,1,a,pressed
1594661036.592653,out2,1,a,released
1594661039.326017,out2,1,b,pressed
1594661039.567316,out2,1,b,released
1594661076.878328,out2,1,b,pressed
1594661077.241452,out2,1,b,released
1594661084.488290,out2,1,b,pressed
1594661084.684010,out2,1,a,pressed
1594661084.927620,out2,1,b,released
1594661085.119984,out2,1,a,released
1594661141.632824,out2,1,b,pressed
1594661141.774226,out2,1,a,pressed
1594661141.912230,out2,1,b,released
1594661142.086762,out2,1,a,released
1594661147.482078,out2,1,b,pressed
1594661147.828296,out2,1,a,pressed
1594661147.845888,out2,1,b,released
1594661148.569965,out2,1,a,released
1594661171.078268,out2,1,b,pressed
1594661171.296043,out2,1,a,pressed
1594661171.461894,out2,1,b,released
1594661171.685844,out2,1,a,released
1594661177.674485,out2,1,b,pressed
1594661178.125274,out2,1,a,pressed
1594661178.201420,out2,1,b,released
1594661178.810293,out2,1,a,released
1594661216.056311,out2,1,b,pressed
1594661216.283563,out2,1,a,pressed
1594661216.351810,out2,1,b,released
1594661216.683896,out2,1,a,released
1594661219.890692,out2,1,b,pressed
1594661220.209178,out2,1,a,pressed
1594661220.228749,out2,1,b,released
1594661220.380001,out2,1,a,released
1594661242.675623,out2,1,a,pressed
1594661242.973671,out2,1,a,released
1594661250.949971,out2,1,b,pressed
1594661251.097492,out2,1,a,pressed
1594661251.248246,out2,1,b,released
1594661251.261685,out2,1,a,released
1594661258.459421,out2,1,b,pressed
1594661258.626221,out2,1,a,pressed
1594661258.645553,out2,1,b,released
1594661258.880088,out2,1,a,released
1594661332.043035,out2,1,b,pressed
1594661332.219080,out2,1,a,pressed
1594661332.235105,out2,1,b,released
1594661332.601907,out2,1,a,released
1594661333.483997,out2,1,b,pressed
1594661333.749792,out2,1,b,released
1594661333.793391,out2,1,a,pressed
1594661334.127199,out2,1,a,released
1594661342.951131,out2,1,b,pressed
1594661343.155695,out2,1,a,pressed
1594661343.272582,out2,1,a,released
1594661343.292983,out2,1,a,pressed
1594661343.567314,out2,1,b,released
1594661344.007541,out2,1,a,released
1594661350.191004,out2,1,b,pressed
1594661350.518553,out2,1,a,pressed
1594661350.548210,out2,1,b,released
1594661350.777976,out2,1,a,released
1594661376.771484,out2,1,b,pressed
1594661376.836905,out2,1,a,pressed
1594661376.911957,out2,1,a,released
1594661376.933180,out2,1,a,pressed
1594661377.010673,out2,1,b,released
1594661377.139275,out2,1,a,released
1594661381.182288,out2,1,b,pressed
1594661381.432575,out2,1,a,pressed
1594661381.502082,out2,1,b,released
1594661381.694360,out2,1,a,released
1594661444.247666,out2,1,b,pressed
1594661444.486780,out2,1,b,released
1594661445.485637,out2,1,a,pressed
1594661445.708489,out2,1,a,released
1594661445.769979,out2,1,b,pressed
1594661446.049112,out2,1,b,released
1594661448.992465,out2,1,b,pressed
1594661449.160145,out2,1,a,pressed
1594661449.256014,out2,1,b,released
1594661449.538873,out2,1,a,released
1594661449.986459,out2,1,b,pressed
1594661450.001917,out2,1,a,pressed
1594661450.088224,out2,1,a,released
1594661450.146619,out2,1,b,released
1594661500.990698,out2,1,b,pressed
1594661501.095652,out2,1,a,pressed
1594661501.185151,out2,1,b,released
1594661501.382139,out2,1,a,released
1594661554.639299,out2,1,b,pressed
1594661554.758223,out2,1,b,released
1594661556.581309,out2,1,b,pressed
1594661556.732162,out2,1,a,pressed
1594661556.782594,out2,1,b,released
1594661556.999308,out2,1,a,released
1594661557.908951,out2,1,b,pressed
1594661558.155130,out2,1,a,pressed
1594661558.190112,out2,1,b,released
1594661558.373158,out2,1,a,released
1594661669.761136,out2,1,b,pressed
1594661669.970328,out2,1,b,released
1594661671.443467,out2,1,b,pressed
1594661671.703541,out2,1,a,pressed
1594661671.769803,out2,1,b,released
1594661671.948508,out2,1,a,released
1594661675.826782,out2,1,b,pressed
1594661676.041068,out2,1,a,pressed
1594661676.156378,out2,1,b,released
1594661676.454817,out2,1,a,released
1594661678.822417,out2,1,b,pressed
1594661679.030896,out2,1,b,released
1594661679.057481,out2,1,a,pressed
1594661679.414546,out2,1,a,released
1594661703.132094,out2,1,b,pressed
1594661703.269480,out2,1,a,pressed
1594661703.414715,out2,1,b,released
1594661703.602352,out2,1,a,released
1594661713.118822,out2,1,b,pressed
1594661713.469434,out2,1,a,pressed
1594661713.624162,out2,1,b,released
1594661713.871369,out2,1,a,released
1594661718.308461,out2,1,b,pressed
1594661718.470529,out2,1,a,pressed
1594661718.556915,out2,1,b,released
1594661718.883911,out2,1,a,released
1594661721.095333,out2,1,b,pressed
1594661721.301967,out2,1,a,pressed
1594661721.405509,out2,1,b,released
1594661721.612711,out2,1,a,released
1594661733.808577,out2,1,b,pressed
1594661734.097221,out2,1,a,pressed
1594661734.192178,out2,1,b,released
1594661734.374112,out2,1,a,released
1594661740.565569,out2,1,b,pressed
1594661740.683309,out2,1,b,released
1594661741.268615,out2,1,b,pressed
1594661741.502674,out2,1,a,pressed
1594661741.565909,out2,1,b,released
1594661741.735371,out2,1,a,released
1594661780.985658,out2,1,b,pressed
1594661781.117203,out2,1,a,pressed
1594661781.193177,out2,1,b,released
1594661781.324439,out2,1,a,released
1594661893.451883,out2,1,b,pressed
1594661893.707567,out2,1,a,pressed
1594661893.813946,out2,1,b,released
1594661894.062626,out2,1,a,released
1594661894.823318,out2,1,b,pressed
1594661895.178905,out2,1,a,pressed
1594661895.255431,out2,1,b,released
1594661895.497618,out2,1,a,released
1594661937.856482,out2,1,b,pressed
1594661938.016391,out2,1,a,pressed
1594661938.069574,out2,1,b,released
1594661938.270105,out2,1,a,released
1594661938.868100,out2,1,b,pressed
1594661939.179095,out2,1,a,pressed
1594661939.194655,out2,1,b,released
1594661939.439186,out2,1,a,released
1594662023.119108,out2,1,b,pressed
1594662023.270304,out2,1,a,pressed
1594662023.329226,out2,1,b,released
1594662023.482558,out2,1,a,released
1594662025.151513,out2,1,b,pressed
1594662025.343573,out2,1,a,pressed
1594662025.362156,out2,1,b,released
1594662025.629584,out2,1,a,released
1594662071.080253,out2,1,b,pressed
1594662071.358624,out2,1,b,released
1594662071.374803,out2,1,a,pressed
1594662071.561795,out2,1,a,released
1594662132.326820,out2,1,a,pressed
1594662132.381246,out2,1,a,released
1594662140.983090,out2,1,b,pressed
1594662141.063855,out2,1,b,released
1594662141.117308,out2,1,b,pressed
1594662141.629972,out2,1,b,released
1594662141.665124,out2,1,a,pressed
1594662141.832557,out2,1,a,released
1594662145.054260,out2,1,b,pressed
1594662145.513613,out2,1,b,released
1594662146.127510,out2,1,b,pressed
1594662146.191445,out2,1,a,pressed
1594662146.446575,out2,1,b,released
1594662146.874865,out2,1,a,released
1594662157.252984,out2,1,a,pressed
1594662157.501189,out2,1,a,released
1594662158.229294,out2,1,b,pressed
1594662158.596159,out2,1,b,released
1594662160.140279,out2,1,b,pressed
1594662160.350448,out2,1,b,released
1594662160.386311,out2,1,a,pressed
1594662160.564719,out2,1,a,released
1594662166.278046,out2,1,b,pressed
1594662166.383815,out2,1,a,pressed
1594662166.442446,out2,1,b,released
1594662166.694066,out2,1,a,released
1594662177.230084,out2,1,b,pressed
1594662177.426697,out2,1,a,pressed
1594662177.452010,out2,1,b,released
1594662177.723156,out2,1,a,released
1594662305.697462,out2,1,a,pressed
1594662305.834442,out2,1,a,released
1594662347.847960,out2,1,b,pressed
1594662348.041601,out2,1,a,pressed
1594662348.057670,out2,1,b,released
1594662348.417868,out2,1,a,released
1594662431.969228,out2,1,b,pressed
1594662432.085912,out2,1,a,pressed
1594662432.102013,out2,1,b,released
1594662432.339400,out2,1,a,released
1594662542.259695,out2,1,b,pressed
1594662542.511957,out2,1,b,released
1594662542.531679,out2,1,a,pressed
1594662542.739280,out2,1,a,released
1594662548.816867,out2,1,b,pressed
1594662549.002866,out2,1,b,released
1594662549.126923,out2,1,a,pressed
1594662549.320423,out2,1,a,released
1594662550.793455,out2,1,b,pressed
1594662550.896437,out2,1,a,pressed
1594662550.915139,out2,1,b,released
1594662551.127079,out2,1,a,released
1594662616.540196,out2,1,b,pressed
1594662616.782765,out2,1,b,released
1594662616.892572,out2,1,a,pressed
1594662617.180889,out2,1,a,released
1594662632.555564,out2,1,b,pressed
1594662632.700606,out2,1,a,pressed
1594662632.715062,out2,1,b,released
1594662632.966328,out2,1,a,released
1594662635.370977,out2,1,b,pressed
1594662635.513892,out2,1,b,released
1594662635.540453,out2,1,a,pressed
1594662635.782237,out2,1,a,released
1594662682.315821,out2,1,b,pressed
1594662682.489724,out2,1,b,released
1594662683.634812,out2,1,b,pressed
1594662683.804241,out2,1,a,pressed
1594662683.826158,out2,1,b,released
1594662684.200489,out2,1,a,released
1594662728.764218,out2,1,b,pressed
1594662729.024556,out2,1,b,released
1594662729.060642,out2,1,a,pressed
1594662729.169577,out2,1,a,released
1594662789.174540,out2,1,b,pressed
1594662789.246940,out2,1,a,pressed
1594662789.402529,out2,1,b,released
1594662789.682899,out2,1,a,released
1594662829.911339,out2,1,b,pressed
1594662830.041987,out2,1,b,released
1594662830.055773,out2,1,a,pressed
1594662830.317293,out2,1,a,released
1594662834.455982,out2,1,b,pressed
1594662835.133318,out2,1,a,pressed
1594662835.341695,out2,1,b,released
1594662835.420100,out2,1,a,released
1594662841.897778,out2,1,b,pressed
1594662842.245808,out2,1,b,released
1594662842.261364,out2,1,a,pressed
1594662842.490251,out2,1,a,released
1594662844.549800,out2,1,b,pressed
1594662845.010280,out2,1,a,pressed
1594662845.118423,out2,1,b,released
1594660752.253871,out2,1,b,pressed
1594660752.602768,out2,1,a,pressed
1594660752.688299,out2,1,b,released
1594660752.903634,out2,1,a,released
1594660760.966194,out2,1,b,pressed
1594660761.145497,out2,1,a,pressed
1594660761.236127,out2,1,b,released
1594660761.390466,out2,1,a,released
1594660762.449267,out2,1,b,pressed
1594660762.667359,out2,1,a,pressed
1594660762.683551,out2,1,b,released
1594660762.819768,out2,1,a,released
1594660810.395319,out2,1,b,pressed
1594660810.683576,out2,1,b,released
1594660810.699869,out2,1,a,pressed
1594660810.819338,out2,1,a,released
1594660849.864336,out2,1,b,pressed
1594660850.055535,out2,1,a,pressed
1594660850.085130,out2,1,b,released
1594660850.230447,out2,1,a,released
1594660889.368095,out2,1,b,pressed
1594660889.654789,out2,1,b,released
1594660889.785302,out2,1,a,pressed
1594660889.898774,out2,1,a,released
1594660890.366949,out2,1,b,pressed
1594660890.687207,out2,1,b,released
1594660890.870351,out2,1,a,pressed
1594660891.368029,out2,1,a,released
1594660921.922765,out2,1,b,pressed
1594660922.027506,out2,1,b,released
1594660922.068523,out2,1,a,pressed
1594660922.188598,out2,1,a,released
1594668253.571497,out2,1,b,pressed
1594668253.741650,out2,1,b,released
1594668276.664717,out2,1,b,pressed
1594668276.827231,out2,1,a,pressed
1594668276.941577,out2,1,b,released
1594668277.382195,out2,1,a,released
1594668304.602244,out2,1,b,pressed
1594668304.837574,out2,1,b,released
1594668304.877836,out2,1,a,pressed
1594668305.151142,out2,1,a,released
1594668307.656091,out2,1,b,pressed
1594668307.909369,out2,1,b,released
1594668311.148557,out2,1,b,pressed
1594668311.460809,out2,1,b,released
1594668311.479502,out2,1,a,pressed
1594668364.803274,out2,1,b,pressed
1594668364.938330,out2,1,a,pressed
1594668365.053330,out2,1,b,released
1594668365.265290,out2,1,a,released
1594668374.346996,out2,1,b,pressed
1594668374.434693,out2,1,b,released
1594668374.478343,out2,1,a,pressed
1594668374.584308,out2,1,a,released
1594668375.356464,out2,1,b,pressed
1594668375.577629,out2,1,b,released
1594668375.592985,out2,1,a,pressed
1594668375.809409,out2,1,a,released
1594668422.270661,out2,1,b,pressed
1594668422.361035,out2,1,a,pressed
1594668422.425153,out2,1,b,released
1594668422.606431,out2,1,a,released
1594668478.908444,out2,1,b,pressed
1594668479.107124,out2,1,a,pressed
1594668479.120023,out2,1,b,released
1594668479.694358,out2,1,a,released
1594668487.204931,out2,1,a,pressed
1594668487.690130,out2,1,a,released
1594668488.206398,out2,1,b,pressed
1594668488.562522,out2,1,b,released
1594668617.769581,out2,1,b,pressed
1594668618.059867,out2,1,b,released
1594668618.132948,out2,1,a,pressed
1594668618.430325,out2,1,a,released
1594668626.341106,out2,1,b,pressed
1594668626.447026,out2,1,a,pressed
1594668626.506697,out2,1,b,released
1594668626.689961,out2,1,a,released
1594668632.023787,out2,1,b,pressed
1594668632.362879,out2,1,a,pressed
1594668632.382820,out2,1,b,released
1594668632.818709,out2,1,a,released
1594668644.352880,out2,1,b,pressed
1594668644.472111,out2,1,a,pressed
1594668644.502908,out2,1,b,released
1594668644.625086,out2,1,a,released
1594668647.702417,out2,1,b,pressed
1594668648.012321,out2,1,b,released
1594668648.031915,out2,1,a,pressed
1594668648.155387,out2,1,a,released
1594668670.503778,out2,1,b,pressed
1594668670.518571,out2,1,b,released
1594668670.532925,out2,1,b,pressed
1594668670.749563,out2,1,a,pressed
1594668670.871373,out2,1,b,released
1594668671.538322,out2,1,a,released
1594668676.221370,out2,1,b,pressed
1594668676.395647,out2,1,b,released
1594668676.458673,out2,1,a,pressed
1594668677.081666,out2,1,a,released
1594668679.788594,out2,1,b,pressed
1594668680.192075,out2,1,b,released
1594668688.128780,out2,1,a,pressed
1594668688.310964,out2,1,a,released
1594668688.484951,out2,1,b,pressed
1594668688.686172,out2,1,b,released
1594668730.143537,out2,1,b,pressed
1594668730.286773,out2,1,b,released
1594668736.030672,out2,1,b,pressed
1594668736.134267,out2,1,a,pressed
1594668736.234019,out2,1,b,released
1594668736.425095,out2,1,a,released
1594668741.784125,out2,1,a,pressed
1594668742.016606,out2,1,b,pressed
1594668742.031983,out2,1,a,released
1594668742.240652,out2,1,b,released
1594668771.470082,out2,1,b,pressed
1594668771.716919,out2,1,a,pressed
1594668771.747923,out2,1,b,released
1594668772.012989,out2,1,a,released
1594668775.118443,out2,1,b,pressed
1594668775.296225,out2,1,a,pressed
1594668775.529657,out2,1,b,released
1594668775.714020,out2,1,a,released
1594668787.291194,out2,1,b,pressed
1594668787.454174,out2,1,a,pressed
1594668787.534114,out2,1,b,released
1594668787.649715,out2,1,a,released
1594668791.467989,out2,1,b,pressed
1594668791.748224,out2,1,b,released
1594668791.803654,out2,1,a,pressed
1594668792.008811,out2,1,a,released
1594668793.878537,out2,1,b,pressed
1594668794.155129,out2,1,b,released
1594668794.170359,out2,1,a,pressed
1594668794.395002,out2,1,a,released
1594668796.098145,out2,1,b,pressed
1594668796.278107,out2,1,a,pressed
1594668796.635624,out2,1,b,released
1594668796.752808,out2,1,a,released
1594668810.781021,out2,1,b,pressed
1594668810.975322,out2,1,b,released
1594668818.478432,out2,1,b,pressed
1594668818.577103,out2,1,b,released
1594668818.594453,out2,1,a,pressed
1594668818.877666,out2,1,a,released
1594668819.664293,out2,1,b,pressed
1594668819.827789,out2,1,a,pressed
1594668819.841418,out2,1,b,released
1594668820.094278,out2,1,a,released
1594668850.180532,out2,1,b,pressed
1594668850.318260,out2,1,a,pressed
1594668850.372007,out2,1,b,released
1594668850.493524,out2,1,a,released
1594668893.622481,out2,1,b,pressed
1594668893.758557,out2,1,a,pressed
1594668893.869469,out2,1,b,released
1594668894.106916,out2,1,a,released
1594668907.810315,out2,1,b,pressed
1594668907.949203,out2,1,a,pressed
1594668908.079052,out2,1,b,released
1594668908.212210,out2,1,a,released
1594668945.575094,out2,1,b,pressed
1594668945.764233,out2,1,b,released
1594668945.817393,out2,1,a,pressed
1594668945.912991,out2,1,a,released
1594668952.938240,out2,1,b,pressed
1594668953.135661,out2,1,a,pressed
1594668953.161173,out2,1,b,released
1594668953.476027,out2,1,a,released
1594668955.141650,out2,1,b,pressed
1594668955.314033,out2,1,a,pressed
1594668955.350442,out2,1,b,released
1594668955.867728,out2,1,a,released
1594668978.145340,out2,1,b,pressed
1594668978.572286,out2,1,a,pressed
1594668978.678052,out2,1,b,released
1594668979.085526,out2,1,a,released
1594668987.717724,out2,1,b,pressed
1594668987.915057,out2,1,a,pressed
1594668987.929870,out2,1,b,released
1594668988.334597,out2,1,a,released
1594668989.291289,out2,1,b,pressed
1594668989.407369,out2,1,b,released
1594668989.472477,out2,1,a,pressed
1594668989.719174,out2,1,a,released
1594668990.542589,out2,1,b,pressed
1594668990.692178,out2,1,a,pressed
1594668990.706900,out2,1,b,released
1594668990.877189,out2,1,a,released
1594668995.054564,out2,1,b,pressed
1594668995.364861,out2,1,a,pressed
1594668995.511300,out2,1,b,released
1594668996.005385,out2,1,a,released
1594669009.769161,out2,1,a,pressed
1594669010.082658,out2,1,a,released
1594669010.098730,out2,1,b,pressed
1594669010.123240,out2,1,a,pressed
1594669010.252913,out2,1,b,released
1594669010.667894,out2,1,a,released
1594669033.248776,out2,1,b,pressed
1594669033.440015,out2,1,a,pressed
1594669033.578851,out2,1,b,released
1594669033.798828,out2,1,a,released
1594669035.227894,out2,1,b,pressed
1594669035.533697,out2,1,a,pressed
1594669035.671015,out2,1,b,released
1594669035.944970,out2,1,a,released
1594669036.690476,out2,1,b,pressed
1594669037.036984,out2,1,a,pressed
1594669037.059572,out2,1,b,released
1594669037.273038,out2,1,a,released
1594669037.736395,out2,1,a,pressed
1594669038.007522,out2,1,a,released
1594669039.571424,out2,1,b,pressed
1594669039.834198,out2,1,a,pressed
1594669039.924499,out2,1,b,released
1594669040.103625,out2,1,a,released
1594669054.520089,out2,1,a,pressed
1594669054.996175,out2,1,a,released
1594669057.982716,out2,1,b,pressed
1594669058.113459,out2,1,b,released
1594669058.171576,out2,1,a,pressed
1594669058.276549,out2,1,a,released
1594669058.300251,out2,1,b,pressed
1594669058.527402,out2,1,b,released
1594669132.928400,out2,1,b,pressed
1594669133.193392,out2,1,b,released
1594669133.211571,out2,1,a,pressed
1594669133.347734,out2,1,a,released
1594669166.500245,out2,1,b,pressed
1594669166.738954,out2,1,a,pressed
1594669166.873786,out2,1,b,released
1594669167.115298,out2,1,a,released
1594669167.951735,out2,1,b,pressed
1594669168.134369,out2,1,b,released
1594669168.208148,out2,1,a,pressed
1594669168.293005,out2,1,a,released
1594669199.861012,out2,1,b,pressed
1594669200.001397,out2,1,a,pressed
1594669200.034853,out2,1,b,released
1594669200.222736,out2,1,a,released
1594669204.594625,out2,1,b,pressed
1594669204.823375,out2,1,a,pressed
1594669204.863826,out2,1,b,released
1594669205.008084,out2,1,b,pressed
1594669205.033624,out2,1,a,released
1594669205.065598,out2,1,b,released
1594669206.268060,out2,1,b,pressed
1594669206.516915,out2,1,a,pressed
1594669206.531381,out2,1,b,released
1594669206.787283,out2,1,a,released
1594669207.949194,out2,1,b,pressed
1594669208.162923,out2,1,b,released
1594669208.282259,out2,1,a,pressed
1594669208.472411,out2,1,a,released
1594669211.536215,out2,1,a,pressed
1594669211.817403,out2,1,a,released
1594669212.155395,out2,1,b,pressed
1594669212.319868,out2,1,b,released
1594669243.058978,out2,1,b,pressed
1594669243.238932,out2,1,a,pressed
1594669243.258781,out2,1,b,released
1594669243.434129,out2,1,a,released
1594669289.963934,out2,1,b,pressed
1594669290.139709,out2,1,b,released
1594669290.178303,out2,1,a,pressed
1594669290.386967,out2,1,a,released
1594669293.327946,out2,1,b,pressed
1594669293.517286,out2,1,a,pressed
1594669293.542113,out2,1,b,released
1594669293.747760,out2,1,a,released
1594669305.530694,out2,1,b,pressed
1594669305.651159,out2,1,b,released
1594669305.691305,out2,1,a,pressed
1594669305.860230,out2,1,a,released
1594669309.697950,out2,1,b,pressed
1594669309.840305,out2,1,b,released
1594669309.936416,out2,1,a,pressed
1594669310.063344,out2,1,a,released
1594669311.845006,out2,1,b,pressed
1594669312.182141,out2,1,b,released
1594669312.304250,out2,1,a,pressed
1594669312.413749,out2,1,a,released
1594669329.949025,out2,1,b,pressed
1594669330.218778,out2,1,a,pressed
1594669330.237074,out2,1,b,released
1594669330.510478,out2,1,a,released
1594669380.152230,out2,1,b,pressed
1594669380.482544,out2,1,a,pressed
1594669380.501594,out2,1,b,released
1594669380.815091,out2,1,a,released
1594669409.842013,out2,1,b,pressed
1594669410.099815,out2,1,a,pressed
1594669410.114286,out2,1,b,released
1594669410.301130,out2,1,a,released
1594669445.723334,out2,1,b,pressed
1594669445.911628,out2,1,a,pressed
1594669445.970456,out2,1,b,released
1594669446.232154,out2,1,a,released
1594669471.058996,out2,1,b,pressed
1594669471.174792,out2,1,a,pressed
1594669471.255678,out2,1,b,released
1594669471.273028,out2,1,b,pressed
1594669471.448487,out2,1,a,released
1594669471.654904,out2,1,b,released
1594669471.688880,out2,1,a,pressed
1594669471.843840,out2,1,a,released
1594669483.575489,out2,1,a,pressed
1594669483.857030,out2,1,a,released
1594669491.189604,out2,1,b,pressed
1594669491.422460,out2,1,b,released
1594669552.566033,out2,1,a,pressed
1594669552.682215,out2,1,a,released
1594669554.455066,out2,1,b,pressed
1594669554.632544,out2,1,a,pressed
1594669554.650102,out2,1,b,released
1594669555.025116,out2,1,a,released
1594669561.303678,out2,1,b,pressed
1594669561.739840,out2,1,b,released
1594669567.957334,out2,1,b,pressed
1594669568.063159,out2,1,a,pressed
1594669568.077503,out2,1,b,released
1594669568.416327,out2,1,a,released
1594669581.149995,out2,1,b,pressed
1594669581.243317,out2,1,b,released
1594669581.291028,out2,1,a,pressed
1594669581.446255,out2,1,a,released
1594669584.226217,out2,1,b,pressed
1594669584.417780,out2,1,a,pressed
1594669584.467368,out2,1,b,released
1594669584.678072,out2,1,a,released
1594670733.764730,out2,1,b,pressed
1594670734.013667,out2,1,a,pressed
1594670734.113105,out2,1,b,released
1594670734.273980,out2,1,a,released
1594670772.922088,out2,1,b,released
1594670790.705987,out2,1,a,pressed
1594670790.912432,out2,1,b,pressed
1594670790.927769,out2,1,b,released
1594670790.944146,out2,1,a,released
1594670793.118992,out2,1,b,pressed
1594670793.524627,out2,1,b,released
1594670794.195246,out2,1,b,pressed
1594670794.432106,out2,1,b,released
1594670799.966426,out2,1,b,pressed
1594670800.197099,out2,1,a,pressed
1594670800.329619,out2,1,b,released
1594670800.591118,out2,1,a,released
1594670802.106222,out2,1,b,pressed
1594670802.370762,out2,1,a,pressed
1594670802.388794,out2,1,b,released
1594670802.610083,out2,1,a,released
1594670804.510125,out2,1,b,pressed
1594670804.678144,out2,1,a,pressed
1594670804.771289,out2,1,b,released
1594670805.097802,out2,1,a,released
1594670807.657847,out2,1,b,pressed
1594670807.787209,out2,1,a,pressed
1594670807.829718,out2,1,b,released
1594670808.164635,out2,1,a,released
1594670813.740194,out2,1,b,pressed
1594670814.171972,out2,1,a,pressed
1594670814.268646,out2,1,b,released
1594670814.553291,out2,1,a,released
1594670831.518560,out2,1,b,pressed
1594670831.662245,out2,1,a,pressed
1594670831.823885,out2,1,b,released
1594670832.033636,out2,1,a,released
1594670841.058767,out2,1,b,pressed
1594670841.204963,out2,1,a,pressed
1594670841.222499,out2,1,b,released
1594670841.402536,out2,1,a,released
1594670842.623662,out2,1,b,pressed
1594670842.721274,out2,1,a,pressed
1594670842.798552,out2,1,b,released
1594670842.998751,out2,1,a,released
1594670881.927002,out2,1,b,pressed
1594670882.068259,out2,1,a,pressed
1594670882.173965,out2,1,b,released
1594670882.438016,out2,1,a,released
1594667871.404455,out2,1,b,pressed
1594667871.625158,out2,1,b,released
1594667876.672766,out2,1,b,pressed
1594667876.791698,out2,1,a,pressed
1594667876.888809,out2,1,b,released
1594667877.075649,out2,1,a,released
1594667882.843906,out2,1,b,pressed
1594667883.121719,out2,1,b,released
1594667886.420185,out2,1,b,pressed
1594667886.519784,out2,1,a,pressed
1594667886.612769,out2,1,b,released
1594667886.779902,out2,1,a,released
1594667892.206809,out2,1,a,pressed
1594667892.229661,out2,1,b,pressed
1594667892.326329,out2,1,a,released
1594667892.459441,out2,1,b,released
1594667895.948614,out2,1,b,pressed
1594667896.088736,out2,1,a,pressed
1594667896.196689,out2,1,b,released
1594667896.409382,out2,1,a,released
1594667903.288651,out2,1,a,pressed
1594667903.395114,out2,1,b,pressed
1594667903.409427,out2,1,a,released
1594667903.668613,out2,1,b,released
1594667907.483781,out2,1,b,pressed
1594667907.604446,out2,1,a,pressed
1594667907.654560,out2,1,b,released
1594667907.931235,out2,1,a,released
1594667912.246158,out2,1,b,pressed
1594667912.506389,out2,1,b,released
1594667916.713783,out2,1,b,pressed
1594667916.830826,out2,1,a,pressed
1594667916.918116,out2,1,b,released
1594667917.117682,out2,1,a,released
1594667927.763706,out2,1,b,pressed
1594667928.007654,out2,1,a,pressed
1594667928.043538,out2,1,b,released
1594667928.285506,out2,1,a,released
1594667929.802249,out2,1,b,pressed
1594667930.024648,out2,1,a,pressed
1594667930.094727,out2,1,b,released
1594667930.360734,out2,1,a,released
1594667972.503662,out2,1,b,pressed
1594667972.705086,out2,1,b,released
1594668047.886647,out2,1,b,pressed
1594668048.064309,out2,1,a,pressed
1594668048.152559,out2,1,b,released
1594668048.434530,out2,1,a,released
1594668073.181200,out2,1,b,pressed
1594668073.385020,out2,1,a,pressed
1594668073.476585,out2,1,b,released
1594668073.654322,out2,1,a,released
1594668076.475613,out2,1,b,pressed
1594668076.746070,out2,1,b,released
1594668077.879662,out2,1,b,pressed
1594668078.226515,out2,1,b,released
1594668079.366870,out2,1,b,pressed
1594668079.544729,out2,1,b,released
1594668079.559211,out2,1,a,pressed
1594668079.844777,out2,1,a,released
1594668112.214694,out2,1,b,pressed
1594668112.543916,out2,1,a,pressed
1594668112.742261,out2,1,b,released
1594668113.108374,out2,1,a,released
1594668113.884249,out2,1,b,pressed
1594668114.380493,out2,1,b,released
1594668115.164837,out2,1,b,pressed
1594668115.406379,out2,1,a,pressed
1594668115.449963,out2,1,b,released
1594668115.728320,out2,1,a,released
1594668192.323706,out2,1,b,pressed
1594668193.438737,out2,1,b,released
1594668193.625662,out2,1,a,pressed
1594668194.072070,out2,1,a,released
1594668215.197739,out2,1,b,pressed
1594668215.427273,out2,1,b,released
1594668215.608363,out2,1,b,pressed
1594668215.664492,out2,1,b,released
1594668295.962298,out2,1,b,pressed
1594668296.180313,out2,1,a,pressed
1594668296.261885,out2,1,b,released
1594668296.504392,out2,1,a,released
1594668302.139073,out2,1,b,pressed
1594668302.281177,out2,1,b,released
1594668302.296449,out2,1,a,pressed
1594668302.428773,out2,1,a,released
1594668307.991490,out2,1,b,pressed
1594668308.127964,out2,1,a,pressed
1594668308.158600,out2,1,b,released
1594668308.381585,out2,1,a,released
1594668313.266453,out2,1,a,pressed
1594668313.453132,out2,1,a,released
1594668314.299135,out2,1,b,pressed
1594668314.449702,out2,1,a,pressed
1594668314.530545,out2,1,b,released
1594668314.749895,out2,1,a,released
1594668315.252975,out2,1,b,pressed
1594668315.465655,out2,1,a,pressed
1594668315.562325,out2,1,b,released
1594668315.751662,out2,1,a,released
1594668347.031813,out2,1,b,pressed
1594668347.527515,out2,1,b,released
1594668348.550036,out2,1,b,pressed
1594668348.880313,out2,1,b,released
1594668349.005776,out2,1,a,pressed
1594668349.235451,out2,1,a,released
1594668353.458878,out2,1,b,pressed
1594668353.789377,out2,1,b,released
1594668357.236278,out2,1,b,pressed
1594668357.542375,out2,1,b,released
1594668382.938019,out2,1,b,pressed
1594668383.076727,out2,1,a,pressed
1594668383.119681,out2,1,b,released
1594668383.283212,out2,1,a,released
1594668450.342820,out2,1,b,pressed
1594668482.491542,out2,1,a,released
1594668482.508682,out2,1,b,released
1594668515.792129,out2,1,b,pressed
1594668515.999160,out2,1,a,pressed
1594668516.063392,out2,1,b,released
1594668516.423036,out2,1,a,released
1594668516.829594,out2,1,b,pressed
1594668517.096493,out2,1,b,released
1594668519.819495,out2,1,b,pressed
1594668520.133880,out2,1,b,released
1594668520.152151,out2,1,a,pressed
1594668520.568283,out2,1,a,released
1594668523.327409,out2,1,b,pressed
1594668523.580696,out2,1,b,released
1594668523.632337,out2,1,a,pressed
1594668523.974338,out2,1,a,released
1594668525.330781,out2,1,b,pressed
1594668525.682290,out2,1,b,released
1594668525.782444,out2,1,a,pressed
1594668525.907855,out2,1,a,released
1594668549.920949,out2,1,b,pressed
1594668550.045417,out2,1,a,pressed
1594668550.118640,out2,1,b,released
1594668550.461379,out2,1,a,released
1594668551.233173,out2,1,b,pressed
1594668551.450879,out2,1,b,released
1594668557.521667,out2,1,b,pressed
1594668557.880110,out2,1,b,released
1594668558.475204,out2,1,b,pressed
1594668558.587445,out2,1,b,released
1594668558.709237,out2,1,a,pressed
1594668559.109222,out2,1,a,released
1594668596.786844,out2,1,b,pressed
1594668596.932525,out2,1,a,pressed
1594668596.979633,out2,1,b,released
1594668597.052601,out2,1,a,released
1594668607.068278,out2,1,b,pressed
1594668607.325341,out2,1,a,pressed
1594668607.381222,out2,1,b,released
1594668607.544472,out2,1,a,released
1594668627.435338,out2,1,b,pressed
1594668627.512542,out2,1,a,pressed
1594668627.748735,out2,1,b,released
1594668627.798302,out2,1,a,released
1594668636.096892,out2,1,b,pressed
1594668636.181898,out2,1,b,released
1594668638.461937,out2,1,b,pressed
1594668638.775310,out2,1,a,pressed
1594668638.814325,out2,1,b,released
1594668638.991461,out2,1,a,released
1594668680.251667,out2,1,b,released
1594668684.573931,out2,1,b,pressed
1594668684.770838,out2,1,b,released
1594668691.185727,out2,1,b,pressed
1594668691.337980,out2,1,a,pressed
1594668691.401856,out2,1,b,released
1594668691.567910,out2,1,a,released
1594668694.949388,out2,1,b,pressed
1594668695.107739,out2,1,a,pressed
1594668695.293282,out2,1,b,released
1594668695.562625,out2,1,a,released
1594668790.981309,out2,1,b,pressed
1594668791.139156,out2,1,a,pressed
1594668791.185276,out2,1,b,released
1594668791.484312,out2,1,a,released
1594668793.073260,out2,1,b,pressed
1594668793.207637,out2,1,a,pressed
1594668793.224533,out2,1,b,released
1594668793.351231,out2,1,a,released
1594668797.578512,out2,1,b,pressed
1594668797.704326,out2,1,a,pressed
1594668797.717436,out2,1,b,released
1594668798.028693,out2,1,a,released
1594668804.901600,out2,1,b,pressed
1594668805.000327,out2,1,a,pressed
1594668805.076651,out2,1,b,released
1594668805.281636,out2,1,a,released
1594668838.269654,out2,1,b,pressed
1594668838.451493,out2,1,a,pressed
1594668838.475593,out2,1,b,released
1594668838.681077,out2,1,a,released
1594668840.160248,out2,1,b,pressed
1594668840.274013,out2,1,a,pressed
1594668840.354306,out2,1,b,released
1594668840.550682,out2,1,a,released
1594668841.522273,out2,1,b,pressed
1594668841.721687,out2,1,b,released
1594668843.645924,out2,1,b,pressed
1594668843.805691,out2,1,a,pressed
1594668843.861153,out2,1,b,released
1594668844.106018,out2,1,a,released
1594668883.304652,out2,1,b,pressed
1594668883.458926,out2,1,a,pressed
1594668883.582848,out2,1,b,released
1594668883.697095,out2,1,a,released
1594668914.482484,out2,1,b,pressed
1594668914.610902,out2,1,a,pressed
1594668914.629360,out2,1,b,released
1594668914.788021,out2,1,a,released
1594668916.997402,out2,1,b,pressed
1594668917.277851,out2,1,b,released
1594668917.327422,out2,1,a,pressed
1594668917.483356,out2,1,a,released
1594668949.419869,out2,1,b,pressed
1594668949.619698,out2,1,a,pressed
1594668949.649441,out2,1,b,released
1594668949.853280,out2,1,a,released
1594668954.888229,out2,1,b,pressed
1594668955.057218,out2,1,a,pressed
1594668955.189305,out2,1,b,released
1594668955.384015,out2,1,a,released
1594669088.822702,out2,1,b,pressed
1594669089.051086,out2,1,a,pressed
1594669089.072037,out2,1,b,released
1594669089.221739,out2,1,a,released
1594669093.884766,out2,1,b,pressed
1594669094.046108,out2,1,a,pressed
1594669094.147821,out2,1,a,released
1594669094.161068,out2,1,b,released
1594669094.198220,out2,1,a,pressed
1594669094.342787,out2,1,a,released
1594669140.703739,out2,1,b,pressed
1594669140.930838,out2,1,b,released
1594669147.711753,out2,1,b,pressed
1594669148.044039,out2,1,b,released
1594669156.476258,out2,1,b,pressed
1594669156.704703,out2,1,a,pressed
1594669156.746210,out2,1,b,released
1594669157.140653,out2,1,a,released
1594669162.540232,out2,1,b,pressed
1594669162.816257,out2,1,b,released
1594669162.897939,out2,1,a,pressed
1594669163.134485,out2,1,a,released
1594669212.423093,out2,1,b,pressed
1594669212.658986,out2,1,b,released
1594669218.721542,out2,1,b,pressed
1594669219.009139,out2,1,a,pressed
1594669219.214931,out2,1,b,released
1594669219.276843,out2,1,a,released
1594669263.848768,out2,1,b,pressed
1594669264.233016,out2,1,b,released
1594669264.341857,out2,1,a,pressed
1594669264.592242,out2,1,a,released
1594669266.424140,out2,1,b,pressed
1594669266.864521,out2,1,b,released
1594669266.879730,out2,1,a,pressed
1594669267.112317,out2,1,a,released
1594669270.052208,out2,1,b,pressed
1594669270.373676,out2,1,b,released
1594669270.466853,out2,1,a,pressed
1594669270.810147,out2,1,a,released
1594669271.841094,out2,1,b,pressed
1594669272.067645,out2,1,b,released
1594669272.800070,out2,1,b,pressed
1594669273.104723,out2,1,a,pressed
1594669273.179518,out2,1,b,released
1594669273.393072,out2,1,a,released
1594669365.295424,out2,1,b,pressed
1594669365.404386,out2,1,b,released
1594669365.464532,out2,1,a,pressed
1594669365.699454,out2,1,a,released
1594669432.996564,out2,1,b,pressed
1594669433.486264,out2,1,b,released
1594669433.679913,out2,1,a,pressed
1594669433.820147,out2,1,a,released
1594669435.485972,out2,1,b,pressed
1594669435.674830,out2,1,a,pressed
1594669435.746701,out2,1,b,released
1594669436.003984,out2,1,a,released
1594669529.716328,out2,1,b,pressed
1594669529.811742,out2,1,a,pressed
1594669529.870622,out2,1,b,released
1594669530.137017,out2,1,a,released
1594669534.693209,out2,1,a,pressed
1594669534.817100,out2,1,b,pressed
1594669534.833716,out2,1,a,released
1594669535.071883,out2,1,b,released
1594669540.832273,out2,1,b,pressed
1594669540.918555,out2,1,a,pressed
1594669541.010437,out2,1,b,released
1594669541.177336,out2,1,a,released
1594669571.918951,out2,1,b,pressed
1594669573.322179,out2,1,b,released
1594669577.241428,out2,1,b,pressed
1594669577.377135,out2,1,b,released
1594669590.391699,out2,1,a,pressed
1594669590.779712,out2,1,a,released
1594669591.666069,out2,1,a,pressed
1594669591.996179,out2,1,a,released
1594669605.101344,out2,1,a,pressed
1594669605.345909,out2,1,b,pressed
1594669605.397365,out2,1,a,released
1594669605.570045,out2,1,b,released
1594669629.271842,out2,1,b,pressed
1594669629.505393,out2,1,b,released
1594669629.562329,out2,1,a,pressed
1594669629.877707,out2,1,a,released
1594669655.810272,out2,1,b,pressed
1594669656.143688,out2,1,a,pressed
1594669656.177680,out2,1,b,released
1594669656.426932,out2,1,a,released
1594669689.531538,out2,1,b,released
1594669708.627694,out2,1,b,pressed
1594669708.911099,out2,1,a,pressed
1594669708.999409,out2,1,b,released
1594669709.138816,out2,1,a,released
1594669711.010277,out2,1,b,pressed
1594669711.183120,out2,1,a,pressed
1594669711.208072,out2,1,b,released
1594669711.460392,out2,1,a,released
1594669714.623875,out2,1,b,pressed
1594669714.905110,out2,1,b,released
1594669714.920041,out2,1,a,pressed
1594669715.245590,out2,1,a,released
1594669744.939570,out2,1,b,pressed
1594669745.211166,out2,1,a,pressed
1594669745.293312,out2,1,b,released
1594669745.589055,out2,1,a,released
1594668241.990728,out2,1,b,pressed
1594668242.310103,out2,1,b,released
1594668242.361922,out2,1,a,pressed
1594668242.475504,out2,1,a,released
1594668290.050101,out2,1,b,pressed
1594668290.213562,out2,1,a,pressed
1594668290.276803,out2,1,b,released
1594668290.488473,out2,1,a,released
1594668327.438299,out2,1,b,pressed
1594668327.717302,out2,1,a,pressed
1594668327.795383,out2,1,b,released
1594668328.077545,out2,1,a,released
1594668370.409473,out2,1,b,pressed
1594668370.585658,out2,1,b,released
1594668373.781693,out2,1,b,pressed
1594668374.095857,out2,1,b,released
1594668374.115343,out2,1,a,pressed
1594668374.353106,out2,1,a,released
1594668375.455612,out2,1,b,pressed
1594668375.596360,out2,1,b,released
1594668375.642094,out2,1,a,pressed
1594668375.860584,out2,1,a,released
1594668376.661261,out2,1,a,pressed
1594668431.550039,out2,1,b,pressed
1594668431.676430,out2,1,a,pressed
1594668431.689342,out2,1,b,released
1594668431.915699,out2,1,a,released
1594668432.519048,out2,1,b,pressed
1594668432.824125,out2,1,b,released
1594668432.847108,out2,1,a,pressed
1594668432.994700,out2,1,a,released
1594668441.837866,out2,1,b,pressed
1594668441.937125,out2,1,a,pressed
1594668441.960507,out2,1,b,released
1594668442.475806,out2,1,a,released
1594668443.268247,out2,1,b,pressed
1594668443.427805,out2,1,a,pressed
1594668443.454397,out2,1,b,released
1594668443.666392,out2,1,a,released
1594668446.792093,out2,1,b,pressed
1594668447.112206,out2,1,a,pressed
1594668447.183545,out2,1,b,released
1594668447.411847,out2,1,a,released
1594668513.282764,out2,1,b,pressed
1594668513.527826,out2,1,a,pressed
1594668513.560526,out2,1,b,released
1594668513.719138,out2,1,a,released
1594668514.993035,out2,1,b,pressed
1594668515.201579,out2,1,a,pressed
1594668515.216609,out2,1,b,released
1594668515.440124,out2,1,a,released
1594668530.111320,out2,1,b,pressed
1594668530.312236,out2,1,b,released
1594668530.430465,out2,1,a,pressed
1594668530.661858,out2,1,a,released
1594668534.777356,out2,1,b,pressed
1594668534.941226,out2,1,b,released
1594668534.966908,out2,1,a,pressed
1594668535.098519,out2,1,a,released
1594668535.827345,out2,1,b,pressed
1594668536.066771,out2,1,a,pressed
1594668536.144426,out2,1,b,released
1594668536.424589,out2,1,a,released
1594668536.774013,out2,1,b,pressed
1594668536.876963,out2,1,b,released
1594668536.898075,out2,1,b,pressed
1594668537.127902,out2,1,a,pressed
1594668537.143859,out2,1,b,released
1594668537.245258,out2,1,a,released
1594668542.800083,out2,1,b,pressed
1594668543.275679,out2,1,b,released
1594668544.848800,out2,1,b,pressed
1594668545.076153,out2,1,b,released
1594668545.128025,out2,1,a,pressed
1594668545.427858,out2,1,a,released
1594668547.918268,out2,1,b,pressed
1594668548.009005,out2,1,a,pressed
1594668548.090425,out2,1,b,released
1594668548.396736,out2,1,a,released
1594668553.126303,out2,1,b,pressed
1594668553.300704,out2,1,a,pressed
1594668553.315440,out2,1,b,released
1594668553.412281,out2,1,a,released
1594668571.185431,out2,1,b,pressed
1594668571.356329,out2,1,a,pressed
1594668571.373355,out2,1,b,released
1594668571.567901,out2,1,a,released
1594668572.402620,out2,1,b,pressed
1594668572.548555,out2,1,a,pressed
1594668572.602586,out2,1,b,released
1594668572.919261,out2,1,a,released
1594668574.960397,out2,1,b,pressed
1594668575.081235,out2,1,a,pressed
1594668575.218583,out2,1,b,released
1594668575.478028,out2,1,a,released
1594668590.423819,out2,1,b,pressed
1594668590.552221,out2,1,a,pressed
1594668590.667106,out2,1,b,released
1594668590.843017,out2,1,a,released
1594668598.133254,out2,1,b,pressed
1594668598.275060,out2,1,b,released
1594668598.304305,out2,1,a,pressed
1594668598.436759,out2,1,a,released
1594668615.186355,out2,1,b,pressed
1594668615.444454,out2,1,b,released
1594668615.669452,out2,1,b,pressed
1594668615.686162,out2,1,a,pressed
1594668615.700476,out2,1,b,released
1594668616.016211,out2,1,a,released
1594668618.793498,out2,1,b,pressed
1594668619.028798,out2,1,a,pressed
1594668619.099042,out2,1,b,released
1594668619.353640,out2,1,a,released
1594668766.883450,out2,1,b,pressed
1594668767.007764,out2,1,a,pressed
1594668767.034289,out2,1,b,released
1594668767.218304,out2,1,a,released
1594668796.444568,out2,1,b,pressed
1594668796.952270,out2,1,b,released
1594668797.014994,out2,1,a,pressed
1594668797.146576,out2,1,a,released
1594668804.018899,out2,1,b,pressed
1594668804.234114,out2,1,a,pressed
1594668804.273308,out2,1,b,released
1594668804.524099,out2,1,a,released
1594668809.468669,out2,1,b,pressed
1594668809.766936,out2,1,a,pressed
1594668809.783941,out2,1,b,released
1594668809.955717,out2,1,a,released
1594668811.775671,out2,1,b,pressed
1594668812.040448,out2,1,a,pressed
1594668812.133753,out2,1,b,released
1594668812.241436,out2,1,a,released
1594668820.583960,out2,1,b,pressed
1594668820.789843,out2,1,a,pressed
1594668820.820797,out2,1,b,released
1594668820.944280,out2,1,a,released
1594668863.839320,out2,1,b,pressed
1594668863.989109,out2,1,b,released
1594668864.008691,out2,1,a,pressed
1594668864.231799,out2,1,a,released
1594668867.929065,out2,1,b,pressed
1594668868.205320,out2,1,a,pressed
1594668868.265720,out2,1,b,released
1594668868.734800,out2,1,a,released
1594668923.194763,out2,1,b,pressed
1594668923.349665,out2,1,b,released
1594668925.113520,out2,1,b,pressed
1594668925.378457,out2,1,b,released
1594668948.887011,out2,1,b,pressed
1594668949.283320,out2,1,a,pressed
1594668949.297722,out2,1,b,released
1594668949.624710,out2,1,a,released
1594668971.842656,out2,1,a,pressed
1594668972.247133,out2,1,a,released
1594668972.522036,out2,1,b,pressed
1594668972.830065,out2,1,b,released
1594668982.248481,out2,1,a,pressed
1594668982.416337,out2,1,b,pressed
1594668982.497926,out2,1,a,released
1594668982.701928,out2,1,b,released
1594668984.211284,out2,1,b,pressed
1594668984.255624,out2,1,a,pressed
1594668984.423439,out2,1,a,released
1594668984.695097,out2,1,b,released
1594668989.518052,out2,1,b,pressed
1594668989.624779,out2,1,b,released
1594668990.943270,out2,1,b,pressed
1594668991.270075,out2,1,a,pressed
1594668991.329638,out2,1,b,released
1594668991.559811,out2,1,a,released
1594669010.903682,out2,1,b,pressed
1594669010.995692,out2,1,b,released
1594669017.508969,out2,1,b,pressed
1594669017.705831,out2,1,b,released
1594669017.725886,out2,1,a,pressed
1594669017.918456,out2,1,a,released
1594669018.286015,out2,1,b,pressed
1594669018.337317,out2,1,b,released
1594669024.389563,out2,1,b,pressed
1594669024.692337,out2,1,b,released
1594669024.769635,out2,1,a,pressed
1594669024.917205,out2,1,a,released
1594669076.825741,out2,1,b,pressed
1594669077.065566,out2,1,a,pressed
1594669077.148541,out2,1,b,released
1594669077.479555,out2,1,a,released
1594669078.539245,out2,1,b,pressed
1594669078.706491,out2,1,b,released
1594669078.720859,out2,1,a,pressed
1594669078.995607,out2,1,a,released
1594669087.706170,out2,1,b,pressed
1594669087.927390,out2,1,a,pressed
1594669088.015116,out2,1,b,released
1594669088.300904,out2,1,a,released
1594669162.926628,out2,1,b,pressed
1594669163.100148,out2,1,b,released
1594669163.128086,out2,1,a,pressed
1594669163.371882,out2,1,a,released
1594669164.859493,out2,1,b,pressed
1594669165.007441,out2,1,b,released
1594669165.022569,out2,1,a,pressed
1594669165.345522,out2,1,a,released
1594669167.151214,out2,1,b,pressed
1594669167.337531,out2,1,a,pressed
1594669167.367231,out2,1,b,released
1594669167.686156,out2,1,a,released
1594669229.912291,out2,1,b,pressed
1594669230.310843,out2,1,b,released
1594669230.337706,out2,1,a,pressed
1594669230.514423,out2,1,a,released
1594669232.329943,out2,1,b,pressed
1594669232.567378,out2,1,b,released
1594669232.630946,out2,1,a,pressed
1594669232.986055,out2,1,a,released
1594669237.119370,out2,1,b,pressed
1594669237.268586,out2,1,a,pressed
1594669237.437448,out2,1,b,released
1594669237.639543,out2,1,a,released
1594669249.963973,out2,1,b,pressed
1594669250.231906,out2,1,a,pressed
1594669250.358571,out2,1,b,released
1594669250.633650,out2,1,a,released
1594669264.239916,out2,1,b,pressed
1594669264.524998,out2,1,a,pressed
1594669264.571063,out2,1,b,released
1594669264.763117,out2,1,a,released
1594669312.879364,out2,1,b,pressed
1594669313.086351,out2,1,a,pressed
1594669313.120820,out2,1,b,released
1594669313.237049,out2,1,a,released
1594669354.903487,out2,1,b,pressed
1594669355.145541,out2,1,a,pressed
1594669355.178487,out2,1,b,released
1594669355.386004,out2,1,a,released
1594669358.334807,out2,1,b,pressed
1594669358.356487,out2,1,a,pressed
1594669358.444333,out2,1,b,released
1594669358.599258,out2,1,a,released
1594669359.452788,out2,1,b,pressed
1594669359.707344,out2,1,b,released
1594669361.064987,out2,1,b,pressed
1594669361.286624,out2,1,b,released
1594669361.313225,out2,1,a,pressed
1594669361.523578,out2,1,a,released
1594669362.687346,out2,1,b,pressed
1594669362.897268,out2,1,b,released
1594669363.656706,out2,1,b,pressed
1594669364.006309,out2,1,b,released
1594669365.424416,out2,1,b,pressed
1594669365.594005,out2,1,b,released
1594669365.641573,out2,1,a,pressed
1594669365.734637,out2,1,a,released
1594669369.328164,out2,1,b,pressed
1594669369.527429,out2,1,a,pressed
1594669369.694558,out2,1,b,released
1594669370.035799,out2,1,a,released
1594669372.314566,out2,1,b,pressed
1594669372.459551,out2,1,a,pressed
1594669372.592623,out2,1,b,released
1594669372.681930,out2,1,a,released
1594669374.251428,out2,1,a,pressed
1594669374.266157,out2,1,a,released
1594669374.783749,out2,1,a,pressed
1594669375.058519,out2,1,a,released
1594669420.884006,out2,1,b,pressed
1594669421.069174,out2,1,a,pressed
1594669421.105003,out2,1,b,released
1594669421.189088,out2,1,a,released
1594669435.926623,out2,1,b,pressed
1594669436.147477,out2,1,b,released
1594669436.183277,out2,1,a,pressed
1594669436.392835,out2,1,a,released
1594669437.898286,out2,1,b,pressed
1594669438.053705,out2,1,a,pressed
1594669438.080324,out2,1,b,released
1594669438.358365,out2,1,a,released
1594669440.889713,out2,1,b,pressed
1594669441.083620,out2,1,b,released
1594669441.123198,out2,1,a,pressed
1594669441.245900,out2,1,a,released
1594669485.587144,out2,1,b,pressed
1594669485.756142,out2,1,a,pressed
1594669485.868570,out2,1,b,released
1594669485.994387,out2,1,a,released
1594669486.792526,out2,1,b,pressed
1594669487.030359,out2,1,b,released
1594669537.063094,out2,1,b,pressed
1594669537.409959,out2,1,b,released
1594669537.426302,out2,1,a,pressed
1594669537.446448,out2,1,a,released
1594669541.206293,out2,1,b,pressed
1594669541.697240,out2,1,b,released
1594669543.397055,out2,1,b,pressed
1594669543.833684,out2,1,a,pressed
1594669543.912972,out2,1,b,released
1594669544.279187,out2,1,a,released
1594669575.091914,out2,1,b,pressed
1594669575.637603,out2,1,a,pressed
1594669575.851573,out2,1,b,released
1594669576.408974,out2,1,a,released
1594669597.562288,out2,1,b,pressed
1594669597.776710,out2,1,a,pressed
1594669597.805780,out2,1,b,released
1594669597.980908,out2,1,a,released
1594669599.698026,out2,1,b,pressed
1594669599.895054,out2,1,a,pressed
1594669599.961175,out2,1,b,released
1594669600.098438,out2,1,a,released
1594669616.247306,out2,1,b,pressed
1594669616.409132,out2,1,a,pressed
1594669616.432152,out2,1,b,released
1594669690.176301,out2,1,b,pressed
1594669690.395125,out2,1,a,pressed
1594669690.437194,out2,1,b,released
1594669690.885941,out2,1,a,released
1594669692.827506,out2,1,b,pressed
1594669693.187598,out2,1,b,released
1594669693.236499,out2,1,a,pressed
1594669693.575998,out2,1,a,released
1594669694.897348,out2,1,b,pressed
1594669695.052972,out2,1,a,pressed
1594669695.067305,out2,1,b,released
1594669695.403819,out2,1,a,released
1594669750.593729,out2,1,b,pressed
1594669750.739203,out2,1,a,pressed
1594669750.754535,out2,1,b,released
1594669751.002870,out2,1,a,released
1594669754.282063,out2,1,b,pressed
1594669754.731028,out2,1,b,released
1594669754.912472,out2,1,a,pressed
1594669755.105707,out2,1,a,released
1594669757.249181,out2,1,b,pressed
1594669757.552606,out2,1,a,pressed
1594669757.570876,out2,1,b,released
1594669757.706100,out2,1,a,released
1594669776.543394,out2,1,b,pressed
1594669777.121561,out2,1,b,released
1594669778.108974,out2,1,b,pressed
1594669778.316730,out2,1,b,released
1594669778.387158,out2,1,a,pressed
1594669778.680706,out2,1,a,released
1594669779.569629,out2,1,b,pressed
1594669780.081384,out2,1,b,released
1594669780.432033,out2,1,a,pressed
1594669780.533111,out2,1,a,released
1594669781.136265,out2,1,b,pressed
1594669781.306473,out2,1,b,released
1594669781.365579,out2,1,b,pressed
1594669781.481930,out2,1,a,pressed
1594669781.662509,out2,1,b,released
1594669782.062367,out2,1,a,released
1594669783.418070,out2,1,b,pressed
1594669783.614441,out2,1,a,pressed
1594669783.675068,out2,1,b,released
1594669783.935908,out2,1,a,released
1594669784.536436,out2,1,b,pressed
1594669784.701988,out2,1,a,pressed
1594669784.765377,out2,1,b,released
1594669785.012722,out2,1,a,released
1594669790.507579,out2,1,b,pressed
1594669791.132403,out2,1,b,released
1594669791.411622,out2,1,a,pressed
1594669791.643907,out2,1,a,released
1594669794.230604,out2,1,b,pressed
1594669795.242307,out2,1,b,released
1594669795.437715,out2,1,a,pressed
1594669795.596932,out2,1,a,released
1594669797.685634,out2,1,b,pressed
1594669798.086183,out2,1,b,released
1594669798.345301,out2,1,a,pressed
1594669798.462251,out2,1,a,released
1594669800.100470,out2,1,b,pressed
1594669800.326327,out2,1,a,pressed
1594669800.445325,out2,1,b,released
1594669800.718253,out2,1,a,released
1594669814.413537,out2,1,b,pressed
1594669814.741837,out2,1,b,released
1594669816.550995,out2,1,b,pressed
1594669816.770351,out2,1,a,pressed
1594669816.819088,out2,1,b,released
1594669817.089074,out2,1,a,released
1594669839.917993,out2,1,b,pressed
1594669840.071200,out2,1,a,pressed
1594669840.178895,out2,1,b,released
1594669840.633792,out2,1,a,released
1594669844.251005,out2,1,b,pressed
1594669844.440554,out2,1,a,pressed
1594669844.511570,out2,1,b,released
1594669844.796471,out2,1,a,released
1594669943.425692,out2,1,b,pressed
1594669943.773056,out2,1,a,pressed
1594669943.813815,out2,1,b,released
1594669943.952887,out2,1,a,released
1594670108.714106,out2,1,b,pressed
1594670108.884019,out2,1,b,released
1594670108.903738,out2,1,a,pressed
1594670108.984314,out2,1,a,released
1594670171.033092,out2,1,b,pressed
1594670171.248368,out2,1,a,pressed
1594670171.318454,out2,1,b,released
1594670171.505647,out2,1,a,released
1594670172.307771,out2,1,b,pressed
1594670172.596381,out2,1,b,released
1594670196.615457,out2,1,b,pressed
1594670197.152787,out2,1,a,pressed
1594670197.192361,out2,1,b,released
1594670197.498553,out2,1,a,released
1594670202.887787,out2,1,b,pressed
1594670203.137449,out2,1,a,pressed
1594670203.183399,out2,1,b,released
1594670203.487518,out2,1,a,released
1594670204.747973,out2,1,b,pressed
1594670205.022263,out2,1,b,released
1594670205.038688,out2,1,a,pressed
1594670205.174512,out2,1,a,released
1594670258.995712,out2,1,b,pressed
1594670259.172364,out2,1,b,released
1594670259.187971,out2,1,a,pressed
1594670259.364857,out2,1,a,released
1594670262.902319,out2,1,a,pressed
1594670263.004075,out2,1,a,released
1594670263.482066,out2,1,b,pressed
1594670263.955941,out2,1,b,released
1594670274.479073,out2,1,a,pressed
1594670274.645800,out2,1,b,pressed
1594670274.686385,out2,1,a,released
1594670274.889361,out2,1,b,released
1594670301.328893,out2,1,a,pressed
1594670301.426318,out2,1,b,pressed
1594670301.520584,out2,1,a,released
1594670301.691525,out2,1,b,released
1594670302.775703,out2,1,a,pressed
1594670303.049854,out2,1,b,pressed
1594670303.156937,out2,1,a,released
1594670303.325425,out2,1,b,released
1594670311.770335,out2,1,a,pressed
1594670311.986904,out2,1,b,pressed
1594670312.008849,out2,1,a,released
1594670312.293208,out2,1,b,released
1594670314.182196,out2,1,a,pressed
1594670314.411914,out2,1,b,pressed
1594670314.498048,out2,1,a,released
1594670314.618995,out2,1,b,released
1594670316.268600,out2,1,a,pressed
1594670316.449266,out2,1,b,pressed
1594670316.464969,out2,1,a,released
1594670316.652680,out2,1,b,released
1594670348.489360,out2,1,b,pressed
1594670348.964112,out2,1,b,released
1594670350.767113,out2,1,b,pressed
1594670350.983602,out2,1,b,released
1594670359.147418,out2,1,a,pressed
1594670359.392565,out2,1,a,released
1594670360.426606,out2,1,b,pressed
1594670360.579769,out2,1,b,released
1594670427.705187,out2,1,b,pressed
1594670428.008727,out2,1,a,pressed
1594670428.076468,out2,1,b,released
1594670428.248162,out2,1,a,released
1594670433.239247,out2,1,b,pressed
1594670433.380307,out2,1,a,pressed
1594670433.425645,out2,1,b,released
1594670433.626644,out2,1,a,released
1594670556.187634,out2,1,b,pressed
1594670556.837637,out2,1,a,pressed
1594670557.126380,out2,1,b,released
1594670557.273505,out2,1,a,released
1594670557.309977,out2,1,a,pressed
1594670557.538885,out2,1,a,released
1594670557.956974,out2,1,b,pressed
1594670558.267380,out2,1,b,released
1594670559.144902,out2,1,b,pressed
1594670559.373151,out2,1,a,pressed
1594670559.516404,out2,1,b,released
1594670560.102934,out2,1,a,released
1594670560.461834,out2,1,b,pressed
1594670560.925296,out2,1,b,released
1594670561.689621,out2,1,b,pressed
1594670561.817010,out2,1,a,pressed
1594670561.882567,out2,1,b,released
1594670562.277056,out2,1,a,released
1594670562.945480,out2,1,b,pressed
1594670563.129045,out2,1,a,pressed
1594670563.237692,out2,1,b,released
1594670563.426381,out2,1,a,released
1594670593.329713,out2,1,b,pressed
1594670593.345271,out2,1,a,pressed
1594670593.527351,out2,1,b,released
1594670593.860754,out2,1,a,released
1594670599.144048,out2,1,b,pressed
1594670599.535517,out2,1,b,released
1594670599.573206,out2,1,a,pressed
1594670599.987043,out2,1,a,released
