1595776365.361873,in,1,a,pressed
1595776365.727950,in,1,b,pressed
1595776365.846541,in,1,a,released
1595776365.960619,in,1,b,released
1595776374.948866,in,2,b,pressed
1595776375.321523,in,2,a,pressed
1595776375.373036,in,2,b,released
1595776375.575890,in,2,a,released
1595776379.812808,in,2,a,pressed
1595776379.986121,in,2,b,pressed
1595776380.040207,in,2,a,released
1595776380.316590,in,2,b,released
1595776382.766323,in,1,b,pressed
1595776382.937965,in,1,a,pressed
1595776383.014029,in,1,b,released
1595776383.267749,in,1,a,released
1595776386.497882,in,1,a,pressed
1595776386.790005,in,1,b,pressed
1595776386.854918,in,1,a,released
1595776387.156596,in,1,b,released
1595776401.129809,in,2,a,pressed
1595776401.255042,in,2,b,pressed
1595776401.426523,in,2,a,released
1595776401.726614,in,2,b,released
1595776411.863561,in,3,a,pressed
1595776412.111105,in,3,b,pressed
1595776412.170834,in,3,a,released
1595776412.365398,in,3,b,released
1595776417.546805,in,3,b,pressed
1595776417.794568,in,3,a,pressed
1595776417.849864,in,3,b,released
1595776418.020263,in,3,a,released
1595776424.128255,in,3,a,pressed
1595776424.316127,in,3,b,pressed
1595776424.391873,in,3,a,released
1595776424.574439,in,3,b,released
1595776432.846467,in,3,b,pressed
1595776433.129412,in,3,b,released
1595776433.145381,in,3,a,pressed
1595776433.424960,in,3,a,released
1595776471.757297,in,1,a,pressed
1595776472.000240,in,1,b,pressed
1595776472.143655,in,1,a,released
1595776472.322923,in,1,b,released
1595776474.830426,in,1,b,pressed
1595776474.949038,in,1,a,pressed
1595776475.037779,in,1,b,released
1595776475.280409,in,1,a,released
1595776478.570058,in,2,a,pressed
1595776478.771563,in,2,b,pressed
1595776478.884143,in,2,a,released
1595776479.094871,in,2,b,released
1595776481.488408,in,2,b,pressed
1595776481.674987,in,2,a,pressed
1595776481.743200,in,2,b,released
1595776481.925282,in,2,a,released
1595776556.126254,in,2,a,pressed
1595776556.359546,in,2,a,released
1595776561.293265,in,2,b,pressed
1595776562.051831,in,2,b,released
1595776566.300505,in,2,b,pressed
1595776566.900967,in,2,b,released
1595776571.238968,in,2,b,pressed
1595776571.481120,in,2,b,released
1595776573.906582,in,3,a,pressed
1595776574.159138,in,3,b,pressed
1595776574.197442,in,3,a,released
1595776574.416786,in,3,b,released
1595776574.469682,in,2,b,pressed
1595776574.790664,in,2,b,released
1595776574.927164,in,2,b,pressed
1595776574.998624,in,2,b,released
1595776580.601708,in,3,b,pressed
1595776580.874445,in,3,a,pressed
1595776580.895340,in,3,b,released
1595776581.067989,in,3,a,released
1595776642.335051,in,1,b,pressed
1595776643.238135,in,1,b,released
1595776643.733235,in,2,b,pressed
1595776643.989043,in,2,a,pressed
1595776644.055667,in,2,b,released
1595776644.567878,in,2,a,released
1595776658.710679,in,1,b,pressed
1595776659.027460,in,1,b,released
1595776662.109510,in,1,b,pressed
1595776662.543613,in,1,b,released
1595776662.712916,in,1,b,pressed
1595776662.731088,in,1,b,released
1595776662.767062,in,1,b,pressed
1595776662.851337,in,1,b,released
1595776664.853222,in,2,b,pressed
1595776665.662733,in,2,b,released
1595776668.540873,in,2,b,pressed
1595776668.962075,in,2,b,released
1595776671.544610,in,3,b,pressed
1595776671.871371,in,3,a,pressed
1595776671.914672,in,3,b,released
1595776672.196944,in,3,a,released
1595776672.853441,in,1,b,pressed
1595776686.032630,in,1,a,pressed
1595776686.286764,in,1,b,released
1595776686.681779,in,1,b,pressed
1595776687.021802,in,1,b,released
1595776696.826209,in,1,b,pressed
1595776697.071818,in,1,a,released
1595776699.722515,in,1,b,released
1595776711.955951,in,1,a,pressed
1595776712.204417,in,1,a,released
1595776761.630997,in,2,a,pressed
1595776761.785702,in,2,b,pressed
1595776761.889647,in,2,b,released
1595776764.616836,in,2,b,pressed
1595776764.715591,in,2,b,released
1595776765.609840,in,2,b,pressed
1595776765.711949,in,2,b,released
1595776770.081598,in,2,b,pressed
1595776770.184762,in,2,b,released
1595776771.111822,in,2,a,released
1595776790.325305,in,1,a,pressed
1595776790.603803,in,1,a,released
1595776794.166503,in,1,a,pressed
1595776795.716506,in,1,a,released
1595776797.982886,in,1,a,pressed
1595776798.148245,in,1,a,released
1595776805.619908,in,2,a,pressed
1595776806.056737,in,2,b,pressed
1595776806.140070,in,2,a,released
1595776806.365065,in,2,b,released
1595776806.481491,in,3,a,pressed
1595776806.630269,in,3,b,pressed
1595776806.703991,in,3,a,released
1595776806.948077,in,3,b,released
1595776807.185792,in,2,a,pressed
1595776807.376442,in,2,a,released
1595776819.145557,in,2,a,pressed
1595776819.361817,in,2,a,released
1595776828.860925,in,3,b,pressed
1595776829.042369,in,3,a,pressed
1595776829.150267,in,3,b,released
1595776829.317668,in,3,a,released
1595776847.412697,in,3,b,pressed
1595776847.559440,in,3,a,pressed
1595776847.706677,in,3,a,released
1595776847.808970,in,3,a,pressed
1595776848.097693,in,3,b,released
1595776848.429790,in,3,a,released
1595776848.967245,in,3,a,pressed
1595776849.219273,in,3,b,pressed
1595776849.496862,in,3,a,released
1595776849.548829,in,3,b,released
1595776849.603711,in,3,a,pressed
1595776849.694621,in,3,b,pressed
1595776849.823464,in,3,a,released
1595776850.316857,in,3,b,released
1595776851.494150,in,3,b,pressed
1595776851.964462,in,3,b,released
1595776852.147627,in,3,b,pressed
1595776854.100159,in,3,b,released
1595776854.264076,in,3,b,pressed
1595776854.578989,in,3,b,released
1595776865.184924,in,3,b,pressed
1595776865.282748,in,3,a,pressed
1595776874.239659,in,3,b,released
1595776874.390943,in,3,a,released
1595776887.913571,in,3,a,pressed
1595776888.068092,in,3,b,pressed
1595776888.191000,in,3,b,released
1595776888.264227,in,3,b,pressed
1595776888.432282,in,3,a,released
1595776888.960992,in,3,b,released
1595776957.042523,in,3,a,pressed
1595776957.160463,in,3,a,released
1595776957.176133,in,3,b,pressed
1595776957.623188,in,3,b,released
1595776971.938995,in,3,a,pressed
1595776972.024907,in,3,a,released
1595776977.770849,in,3,b,pressed
1595776977.908404,in,3,a,pressed
1595776977.966119,in,3,b,released
1595776978.129863,in,3,a,released
1595776985.388517,in,1,a,pressed
1595776985.568179,in,1,b,pressed
1595776985.642389,in,1,a,released
1595776985.845991,in,1,b,released
1595776989.211122,in,1,b,pressed
1595776989.353625,in,1,a,pressed
1595776989.426476,in,1,b,released
1595776989.687404,in,1,a,released
1595777070.735601,in,3,a,pressed
1595777070.971761,in,3,b,pressed
1595777071.198615,in,3,b,released
1595777071.533236,in,3,b,pressed
1595777071.923661,in,3,b,released
1595777074.552154,in,3,b,pressed
1595777074.754467,in,3,a,released
1595777074.852363,in,3,b,released
1595777075.365060,in,3,b,pressed
1595777075.882445,in,3,b,released
1595777120.384744,in,3,b,pressed
1595777123.141541,in,3,b,released
1595777127.136700,in,3,b,pressed
1595777127.999791,in,3,b,released
1595777128.235502,in,3,b,pressed
1595777130.488077,in,3,b,released
1595777131.606876,in,3,b,pressed
1595777133.615316,in,3,b,released
1595777134.052851,in,3,b,pressed
1595777134.747973,in,3,a,pressed
1595777134.806320,in,3,a,released
1595777135.276780,in,3,b,released
1595777168.655277,in,3,a,pressed
1595777168.788343,in,3,b,pressed
1595777168.915989,in,3,a,released
1595777169.234799,in,3,b,released
1595777179.635111,in,3,b,pressed
1595777179.741796,in,3,a,pressed
1595777179.838773,in,3,b,released
1595777180.108445,in,3,a,released
1595777188.100435,in,3,a,pressed
1595777188.182921,in,3,b,pressed
1595777188.343567,in,3,a,released
1595777188.541812,in,3,b,released
1595777207.335161,in,1,b,pressed
1595777207.537907,in,1,a,pressed
1595777207.893272,in,1,b,released
1595777209.057910,in,1,a,released
1595777212.508282,in,1,a,pressed
1595777212.928744,in,1,b,pressed
1595777213.006426,in,1,a,released
1595777213.368545,in,1,b,released
1595777216.277875,in,1,b,pressed
1595777216.465832,in,1,a,pressed
1595777216.521917,in,1,b,released
1595777216.855056,in,1,a,released
1595777221.497145,in,2,a,pressed
1595777221.808928,in,2,b,pressed
1595777221.869041,in,2,a,released
1595777222.195156,in,2,b,released
1595777483.134133,in,3,a,pressed
1595777483.357586,in,3,b,pressed
1595777483.381406,in,3,a,released
1595777483.571155,in,3,b,released
1595777488.178527,in,3,b,pressed
1595777488.332844,in,3,a,pressed
1595777488.378750,in,3,b,released
1595777488.596609,in,3,a,released
1595777508.171223,in,1,a,pressed
1595777508.376818,in,1,b,pressed
1595777508.495211,in,1,a,released
1595777508.625745,in,1,b,released
1595777511.385194,in,1,b,pressed
1595777511.463904,in,1,a,pressed
1595777511.522276,in,1,b,released
1595777511.769038,in,1,a,released
1595777515.367765,in,2,a,pressed
1595777515.488059,in,2,b,pressed
1595777515.589397,in,2,a,released
1595777515.763313,in,2,b,released
1595777518.825727,in,2,b,pressed
1595777518.976669,in,2,a,pressed
1595777519.044958,in,2,b,released
1595777519.224269,in,2,a,released
1595777692.144216,in,1,b,pressed
1595777692.299545,in,1,a,pressed
1595777692.400920,in,1,b,released
1595777692.687651,in,1,a,released
1595777694.512846,in,2,a,pressed
1595777694.638292,in,2,b,pressed
1595777694.764182,in,2,a,released
1595777695.130125,in,2,b,released
1595777699.047594,in,2,a,pressed
1595777699.340295,in,2,b,pressed
1595777699.379205,in,2,a,released
1595777699.627100,in,2,b,released
1595777701.221421,in,1,b,pressed
1595777701.665400,in,1,a,pressed
1595777701.689072,in,1,b,released
1595777702.195537,in,1,a,released
1595777705.221451,in,1,a,pressed
1595777705.553117,in,1,b,pressed
1595777705.569342,in,1,a,released
1595777705.676948,in,1,b,released
1595777708.763575,in,1,b,pressed
1595777708.921757,in,1,a,pressed
1595777708.941660,in,1,b,released
1595777709.272854,in,1,a,released
1595777713.201653,in,1,a,pressed
1595777713.379046,in,1,b,pressed
1595777713.490493,in,1,a,released
1595777713.664595,in,1,b,released
1595777740.985183,in,2,b,pressed
1595777741.206499,in,2,a,pressed
1595777741.232881,in,2,b,released
1595777741.498784,in,2,a,released
1595777753.352995,in,1,a,pressed
1595777753.596492,in,1,b,pressed
1595777753.775479,in,1,a,released
1595777753.962316,in,1,b,released
1595777754.703531,in,2,a,pressed
1595777754.776558,in,2,b,pressed
1595777754.884753,in,2,b,released
1595777754.898281,in,2,a,released
1595777754.946067,in,2,b,pressed
1595777755.321984,in,2,b,released
1595777760.162506,in,1,b,pressed
1595777760.279566,in,1,a,pressed
1595777760.353197,in,1,b,released
1595777760.583362,in,1,a,released
1595777764.367090,in,2,b,pressed
1595777764.498361,in,2,a,pressed
1595777764.602967,in,2,a,released
1595777764.635494,in,2,b,released
1595777764.648997,in,2,a,pressed
1595777764.827923,in,2,a,released
1595777769.572630,in,2,a,pressed
1595777769.746532,in,2,b,pressed
1595777769.766190,in,2,a,released
1595777770.072329,in,2,b,released
1595777773.739929,in,1,a,pressed
1595777774.019896,in,1,b,pressed
1595777774.048586,in,1,a,released
1595777774.351308,in,1,b,released
1595777778.553917,in,3,a,pressed
1595777778.695687,in,3,b,pressed
1595777778.814033,in,3,a,released
1595777779.051130,in,3,b,released
1595777783.020850,in,3,b,pressed
1595777783.280998,in,3,a,pressed
1595777783.310813,in,3,b,released
1595777783.541758,in,3,a,released
1595777787.861091,in,1,b,pressed
1595777787.933846,in,2,b,pressed
1595777788.041180,in,1,a,pressed
1595777788.143168,in,1,b,released
1595777788.228549,in,2,a,pressed
1595777788.289036,in,2,b,released
1595777788.447259,in,2,a,released
1595777788.577738,in,1,a,released
1595777792.110646,in,1,a,pressed
1595777792.450062,in,1,b,pressed
1595777792.471518,in,1,a,released
1595777792.569686,in,2,a,pressed
1595777792.739645,in,2,b,pressed
1595777792.756987,in,1,b,released
1595777792.830333,in,2,a,released
1595777792.843390,in,2,b,released
1595777792.856569,in,2,b,pressed
1595777793.124888,in,2,b,released
1595778166.485674,in,2,a,pressed
1595778166.682141,in,2,b,pressed
1595778166.736263,in,2,b,released
1595778166.750548,in,2,a,released
1595778166.764011,in,2,b,pressed
1595778167.122599,in,2,b,released
1595778168.666216,in,2,a,pressed
1595778168.910995,in,2,b,pressed
1595778168.961733,in,2,a,released
1595778169.021013,in,2,b,released
1595778169.099910,in,2,b,pressed
1595778169.362008,in,2,b,released
1595778271.491970,in,3,b,pressed
1595778271.581699,in,3,a,pressed
1595778271.692359,in,3,b,released
1595778271.809435,in,3,a,released
1595778334.941833,in,3,a,pressed
1595778335.041203,in,3,b,pressed
1595778335.117085,in,3,a,released
1595778335.299558,in,3,b,released
1595778455.553372,in,1,a,pressed
1595778455.689698,in,1,b,pressed
1595778455.714329,in,1,a,released
1595778455.879619,in,1,b,released
1595778481.106714,in,2,b,pressed
1595778481.196475,in,2,b,released
1595778481.210367,in,2,b,pressed
1595778481.515533,in,2,a,pressed
1595778481.652135,in,2,b,released
1595778482.013812,in,2,a,released
1595778489.772789,in,2,b,pressed
1595778490.110035,in,2,a,pressed
1595778490.129989,in,2,b,released
1595778490.342336,in,2,a,released
1595778490.945450,in,2,b,pressed
1595778491.196798,in,2,a,pressed
1595778491.297137,in,2,b,released
1595778491.590597,in,2,a,released
1595778503.713889,in,1,a,pressed
1595778504.197338,in,1,b,pressed
1595778504.238417,in,1,a,released
1595778504.415612,in,1,b,released
1595778738.935035,in,3,b,pressed
1595778739.062575,in,3,a,pressed
1595778739.079372,in,3,a,released
1595778739.098876,in,3,a,pressed
1595778739.264345,in,3,b,released
1595778739.513231,in,3,a,released
1595778791.543052,in,3,a,pressed
1595778791.684446,in,3,b,pressed
1595778791.789640,in,3,a,released
1595778792.065733,in,3,b,released
1595778882.491817,in,2,a,pressed
1595778882.602327,in,2,b,pressed
1595778882.669081,in,2,a,released
1595778882.802156,in,2,b,released
1595778903.485056,in,3,a,pressed
1595778903.683509,in,3,b,pressed
1595778904.051573,in,3,a,released
1595778904.226171,in,3,b,released
1595779021.288491,in,2,a,pressed
1595779021.500497,in,2,a,released
1595779021.516526,in,2,b,pressed
1595779021.929952,in,2,b,released
1595779022.109087,in,2,a,pressed
1595779022.411632,in,2,b,pressed
1595779022.535262,in,2,a,released
1595779022.792924,in,2,b,released
1595779085.601579,in,1,b,pressed
1595779085.631738,in,1,a,pressed
1595779085.697075,in,1,a,released
1595779085.856884,in,1,a,pressed
1595779085.942029,in,1,b,released
1595779086.371645,in,1,a,released
1595779094.766712,in,1,b,pressed
1595779095.106071,in,1,a,pressed
1595779095.228268,in,1,b,released
1595779097.182981,in,1,a,released
1595779097.257646,in,1,a,pressed
1595779097.726189,in,1,a,released
1595779300.404670,in,1,a,pressed
1595779300.684227,in,1,b,pressed
1595779300.800587,in,1,a,released
1595779301.049838,in,1,b,released
1595779440.750302,in,3,a,pressed
1595779440.839554,in,3,a,released
1595779440.902490,in,3,a,pressed
1595779441.127129,in,3,b,pressed
1595779441.271491,in,3,a,released
1595779441.520276,in,3,b,released
1595779448.880850,in,3,a,pressed
1595779449.076324,in,3,b,pressed
1595779449.158408,in,3,a,released
1595779449.359439,in,3,b,released
1595779558.495548,in,1,b,pressed
1595779558.834040,in,1,a,pressed
1595779558.952847,in,1,b,released
1595779559.151518,in,1,a,released
1595779644.847262,in,3,a,pressed
1595779647.593440,in,3,a,released
1595779658.801607,in,3,a,pressed
1595779659.217554,in,3,a,released
1595779659.238758,in,3,b,pressed
1595779659.524932,in,3,b,released
1595780217.251505,in,2,a,pressed
1595780217.733033,in,2,b,pressed
1595780217.844084,in,2,a,released
1595780218.335863,in,2,b,released
1595780218.365171,in,2,b,pressed
1595780218.556804,in,2,b,released
1595780482.340154,in,1,a,pressed
1595780482.518267,in,1,b,pressed
1595780482.709749,in,1,a,released
1595780482.850299,in,1,b,released
1595780485.475600,in,1,b,pressed
1595780485.593012,in,1,a,pressed
1595780485.698003,in,1,b,released
1595780485.955333,in,1,a,released
1595780516.635140,in,3,b,pressed
1595780516.857576,in,3,a,pressed
1595780516.992615,in,3,b,released
1595780517.142817,in,3,a,released
1595780984.233493,in,2,b,pressed
1595780984.423113,in,2,b,released
1595780984.527296,in,2,b,pressed
1595780984.808477,in,2,b,released
1595781107.115961,in,3,a,pressed
1595781107.273747,in,3,b,pressed
1595781107.365044,in,3,a,released
1595781107.692832,in,3,b,released
1595781113.685497,in,3,b,pressed
1595781113.884392,in,3,a,pressed
1595781114.003618,in,3,b,released
1595781114.128101,in,3,a,released
1595782345.487471,in,3,b,pressed
1595782345.690892,in,3,a,pressed
1595782345.783707,in,3,b,released
1595782345.905874,in,3,a,released
1595782497.891266,in,1,b,pressed
1595782498.128411,in,1,a,pressed
1595782498.343570,in,1,b,released
1595782498.546011,in,1,a,released
1595782624.316243,in,3,b,pressed
1595782624.693878,in,3,a,pressed
1595782624.853374,in,3,b,released
1595782625.390235,in,3,a,released
1595782634.618749,in,3,a,pressed
1595782634.979537,in,3,b,pressed
1595782635.032267,in,3,a,released
1595782635.221221,in,3,b,released
1595782741.881655,in,2,b,pressed
1595782742.518030,in,2,a,pressed
1595782742.914276,in,2,a,released
1595782743.026448,in,2,a,pressed
1595782743.369525,in,2,b,released
1595782743.530264,in,2,b,pressed
1595782743.647029,in,2,b,released
1595782744.438751,in,2,a,released
1595782747.997106,in,1,a,pressed
1595782748.586615,in,1,a,released
1595782748.642947,in,1,b,pressed
1595782758.680602,in,3,b,pressed
1595782758.939654,in,3,a,pressed
1595782759.052701,in,3,b,released
1595782764.054594,in,3,a,released
1595782765.825304,in,1,b,released
1595782826.145516,in,3,b,pressed
1595782826.595733,in,3,a,pressed
1595782826.741569,in,3,b,released
1595782854.096174,in,3,b,pressed
1595782854.345270,in,3,a,released
1595782855.416889,in,3,a,pressed
1595782855.647269,in,3,b,released
1595782864.620508,in,3,b,pressed
1595782864.861976,in,3,a,released
1595782865.077114,in,3,b,released
1595782902.696636,in,3,a,pressed
1595782902.941082,in,3,b,pressed
1595782903.030859,in,3,a,released
1595782903.641271,in,3,b,released
1595782952.435921,in,2,a,pressed
1595782952.516329,in,2,a,released
1595783009.683965,in,1,a,pressed
1595783009.877633,in,1,b,pressed
1595783010.135175,in,1,a,released
1595783010.419871,in,1,b,released
1595783476.956163,in,3,b,pressed
1595783477.137360,in,3,a,pressed
1595783477.235814,in,3,b,released
1595783477.425510,in,3,a,released
1595783487.241199,in,3,a,pressed
1595783487.421807,in,3,a,released
1595783487.439657,in,3,b,pressed
1595783487.748705,in,3,b,released
1595783962.819773,in,1,b,pressed
1595783962.909731,in,1,a,pressed
1595783963.087884,in,1,b,released
1595783963.247911,in,1,a,released
1595784336.146094,in,3,a,pressed
1595784336.409421,in,3,a,released
1595784336.425929,in,3,b,pressed
1595784336.624509,in,3,b,released
1595784338.020012,in,3,a,pressed
1595784338.107398,in,3,b,pressed
1595784338.239839,in,3,b,released
1595784338.281288,in,3,b,pressed
1595784338.297322,in,3,a,released
1595784338.474736,in,3,b,released
1595784775.026146,in,3,a,pressed
1595784775.185017,in,3,b,pressed
1595784775.293835,in,3,b,released
1595784775.315374,in,3,b,pressed
1595784775.426197,in,3,a,released
1595784775.726138,in,3,b,released
1595784783.499752,in,2,a,pressed
1595784783.696836,in,2,b,pressed
1595784783.838013,in,2,a,released
1595784784.079761,in,2,b,released
1595784791.213391,in,2,b,pressed
1595784791.475052,in,2,a,pressed
1595784791.565049,in,2,b,released
1595784791.724764,in,2,a,released
1595784795.564336,in,1,a,pressed
1595784795.994531,in,1,b,pressed
1595784796.094983,in,1,a,released
1595784796.297987,in,1,b,released
1595784800.340287,in,1,b,pressed
1595784800.634749,in,1,a,pressed
1595784800.725032,in,1,b,released
1595784800.931173,in,1,a,released
1595784809.850030,in,1,b,pressed
1595784810.042501,in,1,a,pressed
1595784810.327329,in,1,b,released
1595784810.709794,in,1,a,released
1595784818.046387,in,3,b,pressed
1595784818.185419,in,3,a,pressed
1595784818.275072,in,3,b,released
1595784818.501474,in,3,a,released
1595784821.443610,in,3,a,pressed
1595784821.640460,in,3,b,pressed
1595784821.831593,in,3,a,released
1595784822.000874,in,3,b,released
1595784941.331933,in,3,b,pressed
1595784941.598225,in,3,a,pressed
1595784941.618306,in,3,b,released
1595784942.012914,in,3,a,released
1595785176.849424,in,3,a,pressed
1595785177.153216,in,3,b,pressed
1595785177.651473,in,3,a,released
1595785177.922005,in,3,b,released
1595785185.001507,in,3,b,pressed
1595785185.486011,in,3,a,pressed
1595785185.664071,in,3,b,released
1595785185.752840,in,3,b,pressed
1595785186.044390,in,3,b,released
1595785186.429916,in,3,b,pressed
1595785187.422733,in,3,a,released
1595785197.894445,in,3,a,pressed
1595785198.311204,in,3,b,released
1595785198.733043,in,3,a,released
1595785292.040322,in,3,a,pressed
1595785292.252917,in,3,b,pressed
1595785292.303195,in,3,a,released
1595785292.558793,in,3,b,released
1595785293.548813,in,3,a,pressed
1595785293.659326,in,3,b,pressed
1595785293.826316,in,3,b,released
1595785293.878696,in,3,b,pressed
1595785293.903038,in,3,a,released
1595785294.425058,in,3,b,released
1595785295.742565,in,3,a,pressed
1595785296.277221,in,3,b,pressed
1595785296.309532,in,3,a,released
1595785296.863175,in,3,b,released
1595785517.106736,in,3,a,pressed
1595785517.476341,in,3,b,pressed
1595785517.494011,in,3,a,released
1595785517.742838,in,3,b,released
1595785565.281551,in,3,a,pressed
1595785565.787462,in,3,b,pressed
1595785565.826949,in,3,a,released
1595785566.100807,in,3,b,released
1595785595.790043,in,1,b,pressed
1595785596.016360,in,1,a,pressed
1595785596.180128,in,1,b,released
1595785596.417107,in,1,a,released
1595785625.587275,in,3,b,pressed
1595785627.362831,in,3,a,pressed
1595785627.494228,in,3,b,released
1595785629.351418,in,3,b,pressed
1595785629.376718,in,3,a,released
1595785629.524034,in,3,a,pressed
1595785629.816480,in,3,b,released
1595785637.715607,in,3,a,released
1595785652.716078,in,3,b,pressed
1595785653.347902,in,3,b,released
1595785653.489525,in,3,a,pressed
1595785654.003898,in,3,a,released
1595785656.276773,in,3,a,pressed
1595785656.517088,in,3,a,released
1595785656.620924,in,3,a,pressed
1595785659.107611,in,3,a,released
1595785665.326739,in,3,b,pressed
1595785665.986136,in,3,a,pressed
1595785666.085839,in,3,a,released
1595785666.647804,in,3,a,pressed
1595785666.680673,in,3,b,released
1595785667.537600,in,3,b,pressed
1595785667.670339,in,3,a,released
1595785667.948123,in,3,b,released
1595785732.697140,in,3,a,pressed
1595785732.927649,in,3,b,pressed
1595785733.006753,in,3,a,released
1595785733.256398,in,3,b,released
1595785749.788557,in,2,b,pressed
1595785750.580226,in,2,a,pressed
1595785750.789167,in,2,b,released
1595785751.726582,in,2,a,released
1595785751.787718,in,2,a,pressed
1595785751.903195,in,2,b,pressed
1595785752.068425,in,2,b,released
1595785753.779583,in,2,a,released
1595785759.288883,in,2,b,pressed
1595785759.882798,in,2,b,released
1595785783.601133,in,2,b,pressed
1595785784.034279,in,2,b,released
1595785903.304393,in,3,a,pressed
1595785903.716561,in,3,a,released
1595785939.455265,in,3,b,pressed
1595785947.242485,in,3,b,released
1595785949.613955,in,3,b,pressed
1595785950.903796,in,3,b,released
1595785951.074517,in,3,b,pressed
1595785951.186786,in,3,b,released
1595785965.105128,in,3,b,pressed
1595785965.277964,in,3,a,pressed
1595785965.348399,in,3,b,released
1595785965.489511,in,3,a,released
1595785971.219502,in,3,a,pressed
1595785971.435937,in,3,b,pressed
1595785971.472613,in,3,a,released
1595785971.799230,in,3,b,released
1595786027.677516,in,1,b,pressed
1595786027.976265,in,1,a,pressed
1595786028.051748,in,1,b,released
1595786028.386463,in,2,a,pressed
1595786028.482772,in,1,a,released
1595786028.590400,in,2,b,pressed
1595786028.618888,in,2,a,released
1595786028.830313,in,2,b,released
1595786033.180054,in,1,a,pressed
1595786033.230142,in,1,a,released
1595786055.127542,in,3,b,pressed
1595786055.150670,in,3,b,released
1595786055.294830,in,3,b,pressed
1595786055.444740,in,3,a,pressed
1595786056.650923,in,3,a,released
1595786057.360232,in,3,b,released
1595786057.416649,in,3,b,pressed
1595786058.213961,in,3,a,pressed
1595786058.249672,in,3,b,released
1595786058.662665,in,3,a,released
1595786219.187072,in,3,b,pressed
1595786219.954887,in,3,a,pressed
1595786220.143241,in,3,b,released
1595786220.324807,in,3,a,released
1595786220.789767,in,3,a,pressed
1595786221.185201,in,3,a,released
1595786340.757815,in,3,a,pressed
1595786341.236306,in,3,b,pressed
1595786341.349975,in,3,a,released
1595786341.637516,in,3,a,pressed
1595786341.776111,in,3,a,released
1595786341.982463,in,3,a,pressed
1595786342.005426,in,3,b,released
1595786342.054957,in,3,b,pressed
1595786342.289534,in,3,b,released
1595786342.706694,in,3,a,released
1595786348.299841,in,3,a,pressed
1595786348.677230,in,3,a,released
1595786348.708565,in,3,a,pressed
1595786348.845134,in,3,b,pressed
1595786349.063053,in,3,a,released
1595786349.260872,in,3,b,released
1595786360.468502,in,3,a,pressed
1595786360.552011,in,3,b,pressed
1595786360.667312,in,3,a,released
1595786360.943673,in,3,b,released
1595786363.110180,in,3,a,pressed
1595786363.130226,in,3,b,pressed
1595786363.696813,in,3,b,released
1595786364.205360,in,3,a,released
1595786364.347525,in,3,a,pressed
1595786369.162356,in,3,b,pressed
1595786369.290061,in,3,b,released
1595786369.352909,in,3,b,pressed
1595786369.497950,in,3,b,released
1595786371.599785,in,3,b,pressed
1595786372.014272,in,3,b,released
1595786373.071646,in,3,a,released
1595786373.524877,in,3,a,pressed
1595786373.871417,in,3,a,released
1595786375.519854,in,3,a,pressed
1595786376.456036,in,3,a,released
1595786376.839112,in,3,b,pressed
1595786377.226626,in,3,b,released
1595786377.460659,in,3,a,pressed
1595786382.700730,in,3,a,released
1595786383.238908,in,3,a,pressed
1595786383.375215,in,3,a,released
1595786383.887698,in,3,a,pressed
1595786384.971614,in,3,a,released
1595786392.834344,in,3,a,pressed
1595786392.949030,in,3,b,pressed
1595786393.107028,in,3,b,released
1595786393.214381,in,3,b,pressed
1595786393.344419,in,3,a,released
1595786393.517772,in,3,b,released
1595786394.765675,in,3,a,pressed
1595786395.703955,in,3,b,pressed
1595786395.925301,in,3,b,released
1595786396.092720,in,3,a,released
1595786396.132396,in,3,a,pressed
1595786399.972317,in,3,b,pressed
1595786400.217678,in,3,b,released
1595786407.974865,in,3,b,pressed
1595786408.322022,in,3,a,released
1595786408.720835,in,3,a,pressed
1595786408.752393,in,3,b,released
1595786408.796863,in,3,b,pressed
1595786408.872037,in,3,a,released
1595786408.887206,in,3,a,pressed
1595786409.264898,in,3,a,released
1595786409.600576,in,3,b,released
1595786413.839427,in,3,b,pressed
1595786413.944705,in,3,b,released
1595786415.148944,in,3,b,pressed
1595786415.364608,in,3,a,pressed
1595786415.551447,in,3,b,released
1595786417.079607,in,3,b,pressed
1595786417.162651,in,3,a,released
1595786417.179007,in,3,a,pressed
1595786417.199557,in,3,b,released
1595786417.496989,in,3,b,pressed
1595786417.630925,in,3,a,released
1595786418.875044,in,3,a,pressed
1595786418.914269,in,3,b,released
1595786419.010970,in,3,b,pressed
1595786419.045273,in,3,a,released
1595786419.124371,in,3,a,pressed
1595786419.179650,in,3,b,released
1595786419.483391,in,3,a,released
1595786421.446860,in,3,a,pressed
1595786421.636428,in,3,a,released
1595786422.008662,in,3,a,pressed
1595786422.338287,in,3,a,released
1595786432.058381,in,3,a,pressed
1595786432.573585,in,3,b,pressed
1595786432.806809,in,3,a,released
1595786433.035277,in,3,b,released
1595786450.173044,in,3,a,pressed
1595786450.515953,in,3,a,released
1595786450.600925,in,3,a,pressed
1595786450.992746,in,3,a,released
1595786451.126997,in,3,a,pressed
1595786451.585260,in,3,a,released
1595786451.675390,in,3,a,pressed
1595786451.812521,in,3,a,released
1595786451.891309,in,3,a,pressed
1595786452.405946,in,3,a,released
1595786454.390911,in,3,a,pressed
1595786454.552156,in,3,a,released
1595786454.628321,in,3,a,pressed
1595786455.485026,in,3,b,pressed
1595786455.771585,in,3,b,released
1595786456.286992,in,3,b,pressed
1595786456.492178,in,3,b,released
1595786477.612395,in,3,b,pressed
1595786478.015060,in,3,b,released
1595786480.625509,in,3,b,pressed
1595786480.722853,in,3,b,released
1595786480.837617,in,3,a,released
1595786482.173335,in,3,a,pressed
1595786482.397096,in,3,b,pressed
1595786482.492016,in,3,a,released
1595786482.820639,in,3,b,released
1595786513.405715,in,3,a,pressed
1595786513.549202,in,3,b,pressed
1595786513.748806,in,3,a,released
1595786513.980829,in,3,b,released
1595786547.212129,in,3,a,pressed
1595786547.797804,in,3,b,pressed
1595786548.084947,in,3,a,released
1595786548.320703,in,3,b,released
1595786583.548327,in,3,b,pressed
1595786583.676327,in,3,a,pressed
1595786583.915054,in,3,b,released
1595786584.064209,in,3,a,released
1595786588.895990,in,3,a,pressed
1595786589.101603,in,3,b,pressed
1595786589.294378,in,3,a,released
1595786589.504024,in,3,b,released
1595786796.472040,in,2,a,pressed
1595786796.713024,in,2,b,pressed
1595786796.764880,in,2,a,released
1595786797.034414,in,2,b,released
1595786920.754232,in,3,b,pressed
1595786921.258784,in,3,a,pressed
1595786921.357705,in,3,b,released
1595786921.799111,in,3,a,released
1595786992.665556,in,3,b,pressed
1595786992.818404,in,3,a,pressed
1595786992.895184,in,3,b,released
1595786993.141298,in,3,a,released
1595787064.836195,in,3,b,pressed
1595787065.017534,in,3,a,pressed
1595787065.100895,in,3,b,released
1595787065.284932,in,3,a,released
1595787127.770650,in,3,b,pressed
1595787127.973612,in,3,a,pressed
1595787128.009459,in,3,b,released
1595787128.182949,in,3,a,released
1595787193.261225,in,3,a,pressed
1595787193.473141,in,3,b,pressed
1595787193.564926,in,3,a,released
1595787193.904701,in,3,b,released
1595787249.796389,in,3,a,pressed
1595787250.075108,in,3,b,pressed
1595787250.171933,in,3,a,released
1595787250.281542,in,3,b,released
1595787253.277650,in,2,a,pressed
1595787253.494276,in,2,b,pressed
1595787253.525704,in,2,a,released
1595787254.019041,in,2,b,released
1595787399.371178,in,2,b,pressed
1595787399.812559,in,2,a,pressed
1595787399.932295,in,2,b,released
1595787400.364643,in,2,a,released
1595787400.478402,in,2,a,pressed
1595787400.612039,in,2,a,released
1595787403.053489,in,1,a,pressed
1595787403.438150,in,1,b,pressed
1595787403.473047,in,1,a,released
1595787403.726210,in,1,b,released
1595787461.371315,in,3,a,pressed
1595787461.514935,in,3,b,pressed
1595787461.564617,in,3,a,released
1595787461.693966,in,3,b,released
1595787471.508668,in,1,b,pressed
1595787471.764145,in,1,a,pressed
1595787471.911230,in,1,b,released
1595787472.975483,in,1,a,released
1595787501.719675,in,2,b,pressed
1595787501.805573,in,2,b,released
1595787501.863856,in,2,b,pressed
1595787502.257230,in,2,a,pressed
1595787502.331008,in,2,b,released
1595787502.439583,in,2,a,released
1595787547.040625,in,1,b,pressed
1595787547.247198,in,1,a,pressed
1595787547.345293,in,1,b,released
1595787547.575829,in,1,a,released
1595787707.228145,in,1,a,pressed
1595787707.397485,in,1,b,pressed
1595787707.514074,in,1,a,released
1595787707.652270,in,1,b,released
1595787727.136275,in,3,b,pressed
1595787727.299170,in,3,a,pressed
1595787727.364329,in,3,b,released
1595787727.612130,in,3,a,released
1595787775.667954,in,3,a,pressed
1595787776.135941,in,3,b,pressed
1595787776.181008,in,3,a,released
1595787776.615800,in,3,b,released
1595787813.702531,in,3,a,pressed
1595787813.829000,in,3,b,pressed
1595787814.124325,in,3,a,released
1595787814.230642,in,3,b,released
1595787814.254595,in,3,b,pressed
1595787814.383802,in,3,b,released
1595787821.511897,in,3,b,pressed
1595787821.649918,in,3,a,pressed
1595787822.015333,in,3,b,released
1595787822.071704,in,3,b,pressed
1595787822.775025,in,3,b,released
1595787823.150698,in,3,a,released
1595787832.416244,in,3,b,pressed
1595787832.764585,in,3,a,pressed
1595787832.921141,in,3,b,released
1595787833.253982,in,3,b,pressed
1595787833.278978,in,3,a,released
1595787833.433546,in,3,a,pressed
1595787833.524472,in,3,b,released
1595787833.614586,in,3,b,pressed
1595787833.772739,in,3,b,released
1595787833.970920,in,3,a,released
1595787848.258782,in,3,b,pressed
1595787848.551563,in,3,a,pressed
1595787848.615217,in,3,b,released
1595787848.861072,in,3,a,released
1595787972.593650,in,1,a,pressed
1595787972.855921,in,1,b,pressed
1595787972.941644,in,1,a,released
1595787973.122915,in,1,b,released
1595787999.370038,in,2,b,pressed
1595787999.578933,in,2,a,pressed
1595787999.663286,in,2,b,released
1595787999.915507,in,2,a,released
1595788006.068923,in,1,a,pressed
1595788006.298711,in,1,b,pressed
1595788006.317974,in,1,a,released
1595788006.490001,in,1,b,released
1595788154.297340,in,3,b,pressed
1595788154.581565,in,3,a,pressed
1595788154.615827,in,3,b,released
1595788154.850963,in,3,a,released
1595788183.256202,in,3,b,pressed
1595788183.437864,in,3,a,pressed
1595788183.478120,in,3,b,released
1595788183.658922,in,3,a,released
1595788208.078607,in,3,a,pressed
1595788208.448296,in,3,b,pressed
1595788208.639508,in,3,a,released
1595788208.858697,in,3,b,released
1595788277.661245,in,3,b,pressed
1595788277.820234,in,3,a,pressed
1595788277.927085,in,3,b,released
1595788278.122763,in,3,a,released
1595788285.370392,in,3,a,pressed
1595788285.643538,in,3,a,released
1595788285.660202,in,3,b,pressed
1595788286.146806,in,3,b,released
1595788317.265503,in,3,b,pressed
1595788317.466839,in,3,b,released
1595788317.513743,in,3,a,pressed
1595788317.832455,in,3,a,released
1595788391.978740,in,3,b,pressed
1595788392.160950,in,3,a,pressed
1595788392.302644,in,3,b,released
1595788392.554352,in,3,a,released
1595788400.972785,in,2,a,pressed
1595788401.053728,in,2,a,released
1595788401.384542,in,2,a,pressed
1595788401.613057,in,2,b,pressed
1595788401.661437,in,2,a,released
1595788402.030943,in,2,b,released
1595788485.660175,in,3,b,pressed
1595788485.902314,in,3,a,pressed
1595788485.975154,in,3,b,released
1595788486.141018,in,3,a,released
1595788511.722812,in,3,b,pressed
1595788511.930436,in,3,a,pressed
1595788512.042908,in,3,b,released
1595788512.330231,in,3,a,released
1595788525.750836,in,2,b,pressed
1595788526.000469,in,2,a,pressed
1595788526.089217,in,2,b,released
1595788526.318490,in,2,a,released
1595788548.712615,in,3,a,pressed
1595788548.945846,in,3,b,pressed
1595788548.974419,in,3,a,released
1595788549.303085,in,3,b,released
1595788583.025065,in,1,b,pressed
1595788583.043097,in,1,a,pressed
1595788583.215603,in,1,a,released
1595788583.285452,in,1,b,released
1595788585.819926,in,1,a,pressed
1595788585.878672,in,1,b,pressed
1595788586.118323,in,1,a,released
1595788586.359293,in,1,b,released
1595788593.995293,in,2,a,pressed
1595788594.161031,in,2,b,pressed
1595788594.177461,in,2,a,released
1595788594.480321,in,2,b,released
1595788812.461573,in,3,a,pressed
1595788812.704882,in,3,b,pressed
1595788812.849977,in,3,a,released
1595788813.078384,in,3,b,released
1595788818.830456,in,3,b,pressed
1595788818.977356,in,3,a,pressed
1595788818.994885,in,3,b,released
1595788819.210939,in,3,a,released
1595788892.922776,in,2,a,pressed
1595788893.093858,in,2,b,pressed
1595788893.111737,in,2,a,released
1595788893.250983,in,2,b,released
1595788904.323501,in,2,b,pressed
1595788904.535402,in,2,a,pressed
1595788904.554773,in,2,b,released
1595788904.692084,in,2,a,released
1595788915.457862,in,1,a,pressed
1595788915.812851,in,1,b,pressed
1595788915.996877,in,1,a,released
1595788916.014734,in,1,a,pressed
1595788916.239147,in,1,a,released
1595788917.106953,in,1,b,released
1595788922.467277,in,2,a,pressed
1595788922.644444,in,2,b,pressed
1595788922.659268,in,2,a,released
1595788922.783740,in,1,b,pressed
1595788922.817914,in,2,b,released
1595788922.835102,in,1,a,pressed
1595788922.935856,in,1,a,released
1595788923.066636,in,1,a,pressed
1595788923.102230,in,1,b,released
1595788923.137965,in,1,b,pressed
1595788923.246753,in,1,b,released
1595788923.394616,in,1,a,released
1595788929.395633,in,2,b,pressed
1595788929.479999,in,2,b,released
1595788929.503481,in,2,b,pressed
1595788929.584147,in,2,a,pressed
1595788929.717931,in,2,b,released
1595788929.853836,in,2,a,released
1595788936.578613,in,1,a,pressed
1595788936.803895,in,1,b,pressed
1595788936.877820,in,1,b,released
1595788936.917034,in,1,b,pressed
1595788936.931570,in,1,a,released
1595788937.112439,in,2,a,pressed
1595788937.300610,in,2,b,pressed
1595788937.329569,in,2,a,released
1595788937.347278,in,1,b,released
1595788937.583804,in,2,b,released
1595788958.667165,in,2,b,pressed
1595788958.844196,in,2,b,released
1595788959.081348,in,2,b,pressed
1595788959.280146,in,2,a,pressed
1595788959.333531,in,2,b,released
1595788959.527992,in,2,a,released
1595788973.656966,in,3,a,pressed
1595788973.791195,in,3,b,pressed
1595788974.147688,in,3,a,released
1595788974.242039,in,3,b,released
1595788984.382057,in,2,b,pressed
1595788984.624400,in,2,a,pressed
1595788984.758349,in,2,b,released
1595788985.093725,in,2,a,released
1595788986.435751,in,3,b,pressed
1595788986.628752,in,3,a,pressed
1595788986.714074,in,3,b,released
1595788986.807592,in,3,a,released
1595789014.632948,in,2,b,pressed
1595789014.684369,in,2,b,released
1595789014.699967,in,2,b,pressed
1595789015.042889,in,2,a,pressed
1595789015.083955,in,2,b,released
1595789015.264503,in,2,a,released
1595789017.422814,in,1,a,pressed
1595789017.672987,in,1,b,pressed
1595789017.742590,in,1,a,released
1595789017.878857,in,1,b,released
1595789021.056794,in,2,a,pressed
1595789021.302035,in,2,b,pressed
1595789021.322004,in,2,a,released
1595789021.661642,in,2,b,released
1595789023.091127,in,2,b,pressed
1595789024.320977,in,1,b,pressed
1595789024.666994,in,1,b,released
1595789024.707591,in,1,a,pressed
1595789025.224124,in,1,a,released
1595789026.196356,in,1,a,pressed
1595789026.625154,in,1,b,pressed
1595789026.759577,in,1,a,released
1595789027.017509,in,1,b,released
1595789028.371650,in,2,a,pressed
1595789028.487823,in,2,b,released
1595789028.662234,in,2,b,pressed
1595789028.678582,in,2,a,released
1595789028.779293,in,2,a,pressed
1595789028.820590,in,2,b,released
1595789029.077858,in,2,a,released
1595789030.125391,in,2,a,pressed
1595789030.252451,in,2,a,released
1595789030.839147,in,2,a,pressed
1595789031.631166,in,2,b,pressed
1595789031.698188,in,2,a,released
1595789032.065503,in,2,b,released
1595789038.406138,in,2,b,pressed
1595789038.701290,in,2,a,pressed
1595789038.838312,in,2,a,released
1595789038.904160,in,2,a,pressed
1595789038.946149,in,2,b,released
1595789038.984525,in,2,b,pressed
1595789039.131166,in,2,b,released
1595789039.425431,in,2,a,released
1595789042.299872,in,1,b,pressed
1595789042.347474,in,1,a,pressed
1595789042.396938,in,1,a,released
1595789042.553258,in,1,a,pressed
1595789042.587057,in,1,b,released
1595789042.818079,in,1,a,released
1595789055.550620,in,2,a,pressed
1595789055.795254,in,2,b,pressed
1595789055.826403,in,2,a,released
1595789056.162049,in,2,b,released
1595789063.749972,in,3,b,pressed
1595789064.028383,in,3,a,pressed
1595789064.087435,in,3,b,released
1595789064.285972,in,3,a,released
1595789067.582789,in,1,b,pressed
1595789067.890960,in,1,a,pressed
1595789067.934580,in,1,b,released
1595789068.252170,in,1,a,released
1595789091.915468,in,2,a,pressed
1595789092.064869,in,2,a,released
1595789092.081453,in,2,b,pressed
1595789092.391738,in,2,b,released
1595789097.016006,in,1,a,pressed
1595789097.258898,in,1,b,pressed
1595789097.275844,in,1,a,released
1595789097.569139,in,1,b,released
1595789143.000116,in,1,b,pressed
1595789143.222128,in,1,a,pressed
1595789143.247915,in,1,b,released
1595789143.520672,in,1,a,released
1595789144.216763,in,2,b,pressed
1595789144.457213,in,2,b,released
1595789144.473666,in,2,a,pressed
1595789144.694023,in,2,a,released
1595789159.909525,in,2,a,pressed
1595789160.100358,in,2,b,pressed
1595789160.168414,in,2,a,released
1595789160.389744,in,2,b,released
1595789193.339023,in,2,a,pressed
1595789193.504031,in,2,b,pressed
1595789193.656843,in,2,a,released
1595789193.943242,in,2,b,released
1595789208.338187,in,2,b,pressed
1595789208.590281,in,2,a,pressed
1595789208.633437,in,2,b,released
1595789208.964778,in,2,a,released
1595789249.061071,in,2,a,pressed
1595789249.162466,in,2,b,pressed
1595789249.272825,in,2,a,released
1595789249.511089,in,2,b,released
1595789300.054728,in,3,a,pressed
1595789300.260037,in,3,b,pressed
1595789300.287277,in,3,a,released
1595789300.576060,in,3,b,released
1595789367.610456,in,2,b,pressed
1595789367.995066,in,2,b,released
1595789368.024092,in,2,a,pressed
1595789368.265070,in,2,a,released
1595789415.358089,in,3,a,pressed
1595789415.489839,in,3,b,pressed
1595789415.647239,in,3,a,released
1595789415.821188,in,3,b,released
1595789470.679152,in,3,a,pressed
1595789470.831127,in,3,b,pressed
1595789470.925826,in,3,a,released
1595789471.154631,in,3,b,released
1595789525.096089,in,3,a,pressed
1595789525.218695,in,3,b,pressed
1595789525.279325,in,3,a,released
1595789525.437623,in,3,b,released
1595789584.829082,in,3,a,pressed
1595789584.906619,in,3,b,pressed
1595789585.014738,in,3,a,released
1595789585.187381,in,3,b,released
1595789639.230445,in,2,a,pressed
1595789639.362836,in,2,b,pressed
1595789639.392121,in,2,a,released
1595789639.632963,in,2,b,released
1595789830.823859,in,1,b,pressed
1595789831.006878,in,1,a,pressed
1595789831.091089,in,1,b,released
1595789831.383499,in,1,a,released
1595789844.817750,in,3,b,pressed
1595789844.946427,in,3,a,pressed
1595789844.964412,in,3,b,released
1595789845.182872,in,3,a,released
1595789914.581741,in,1,a,pressed
1595789914.875639,in,1,b,pressed
1595789915.058092,in,1,a,released
1595789915.206495,in,1,b,released
1595789919.614468,in,1,b,pressed
1595789919.759295,in,1,a,pressed
1595789919.869087,in,1,b,released
1595789920.168821,in,1,a,released
1595789924.545004,in,1,a,pressed
1595789924.754434,in,1,b,pressed
1595789924.830627,in,1,a,released
1595789925.034265,in,1,b,released
1595789965.078005,in,3,a,pressed
1595789965.224782,in,3,b,pressed
1595789965.242904,in,3,a,released
1595789965.437709,in,3,b,released
1595789991.008125,in,3,a,pressed
1595789991.113332,in,3,b,pressed
1595789991.153822,in,3,a,released
1595789991.329542,in,3,b,released
1595789994.400494,in,3,a,pressed
1595789994.573163,in,3,b,pressed
1595789994.679188,in,3,a,released
1595789994.915791,in,3,b,released
1595790050.852700,in,2,b,pressed
1595790052.588261,in,2,b,released
1595790052.672719,in,2,b,pressed
1595790052.731451,in,2,b,released
1595790067.157224,in,1,b,pressed
1595790067.310442,in,1,a,pressed
1595790067.400347,in,1,b,released
1595790067.626697,in,1,a,released
1595790089.132604,in,3,a,pressed
1595790089.353472,in,3,b,pressed
1595790089.422453,in,3,a,released
1595790089.623972,in,3,b,released
1595790119.388592,in,1,a,pressed
1595790119.567839,in,1,b,pressed
1595790119.667245,in,1,a,released
1595790119.935557,in,1,b,released
1595790129.107058,in,1,b,pressed
1595790129.301141,in,1,a,pressed
1595790129.413437,in,1,b,released
1595790129.706337,in,1,a,released
1595790138.006347,in,3,a,pressed
1595790138.242404,in,3,b,pressed
1595790138.262737,in,3,a,released
1595790138.539121,in,3,b,released
1595790156.178866,in,3,b,pressed
1595790156.536629,in,3,b,released
1595790156.561617,in,3,a,pressed
1595790157.212899,in,3,a,released
1595790159.622074,in,3,a,pressed
1595790159.725504,in,3,b,pressed
1595790159.844711,in,3,a,released
1595790160.037317,in,3,b,released
1595790165.246031,in,2,a,pressed
1595790165.433239,in,2,b,pressed
1595790165.531301,in,2,a,released
1595790165.829926,in,2,b,released
1595790178.126432,in,3,b,pressed
1595790178.294365,in,3,a,pressed
1595790178.372715,in,3,b,released
1595790178.519620,in,3,a,released
1595790182.699295,in,3,a,pressed
1595790182.879163,in,3,b,pressed
1595790182.956920,in,3,a,released
1595790183.112192,in,3,b,released
1595790194.989396,in,2,b,pressed
1595790195.253877,in,2,a,pressed
1595790195.392920,in,2,b,released
1595790195.537899,in,2,a,released
1595790199.644594,in,3,b,pressed
1595790199.869413,in,3,a,pressed
1595790200.011093,in,3,b,released
1595790200.189713,in,3,a,released
1595790222.914741,in,1,a,pressed
1595790223.355455,in,1,b,pressed
1595790223.420334,in,1,a,released
1595790223.569874,in,1,b,released
1595790229.000709,in,3,b,pressed
1595790229.214711,in,3,a,pressed
1595790229.260998,in,3,b,released
1595790229.387764,in,3,a,released
1595790236.749384,in,3,a,pressed
1595790236.935704,in,3,b,pressed
1595790237.011736,in,3,a,released
1595790237.311953,in,3,b,released
1595790244.998363,in,2,b,pressed
1595790245.328242,in,2,a,pressed
1595790245.416020,in,2,b,released
1595790245.592447,in,2,a,released
1595790266.017689,in,1,b,pressed
1595790266.314512,in,1,a,pressed
1595790266.349613,in,1,b,released
1595790266.777812,in,1,a,released
1595790306.237791,in,2,a,pressed
1595790306.330096,in,2,b,pressed
1595790306.453892,in,2,a,released
1595790306.710284,in,2,b,released
1595790311.595654,in,1,a,pressed
1595790311.758905,in,1,b,pressed
1595790311.839375,in,1,a,released
1595790311.976426,in,1,b,released
1595790397.552419,in,2,b,pressed
1595790397.744208,in,2,a,pressed
1595790397.825843,in,2,b,released
1595790398.018055,in,2,a,released
1595790456.850067,in,1,a,pressed
1595790457.068744,in,1,b,pressed
1595790457.143789,in,1,a,released
1595790457.267055,in,1,b,released
1595790501.850324,in,2,b,pressed
1595790502.024857,in,2,a,pressed
1595790502.101177,in,2,b,released
1595790502.256027,in,2,a,released
1595790521.119965,in,2,b,pressed
1595790521.278725,in,2,a,pressed
1595790521.316667,in,2,b,released
1595790521.438437,in,2,a,released
1595790569.429508,in,1,a,pressed
1595790569.656007,in,1,b,pressed
1595790569.674018,in,1,a,released
1595790569.790996,in,1,b,released
1595790571.955029,in,3,b,pressed
1595790572.130010,in,3,a,pressed
1595790572.166222,in,3,b,released
1595790572.312594,in,3,a,released
1595790585.458055,in,3,b,pressed
1595790585.599134,in,3,a,pressed
1595790585.666544,in,3,b,released
1595790585.839246,in,3,a,released
1595790604.310286,in,3,a,pressed
1595790604.454717,in,3,b,pressed
1595790604.474674,in,3,a,released
1595790604.604057,in,3,b,released
1595790620.889921,in,2,a,pressed
1595790621.028621,in,2,b,pressed
1595790621.227911,in,2,a,released
1595790621.518537,in,2,b,released
1595790623.123650,in,1,a,pressed
1595790623.461880,in,1,b,pressed
1595790623.533543,in,1,a,released
1595790623.718709,in,1,b,released
1595790629.999807,in,2,b,pressed
1595790630.232992,in,2,a,pressed
1595790630.475445,in,2,b,released
1595790630.664212,in,2,a,released
